Sender;Receiver 1;Receiver 2;;Index 1;Index 2;Value 1;Value 2;Name
480;a0;79;30;1;0;0;0;TBD
480;a0;79;10;0;0;0;0;TBD
500;92;0;16;0;cc;0;0;HEIZPROG_3_SCHALTPKT_13
480;a1;0;16;0;0;0;0;<REQUEST>
480;a1;0;16;0;0;0;0;<REQUEST>
500;92;0;16;0;cc;0;0;HEIZPROG_3_SCHALTPKT_13
480;a1;0;16;0;0;0;0;<REQUEST>
500;92;0;16;0;cc;0;0;HEIZPROG_3_SCHALTPKT_13
500;92;0;16;0;cc;0;0;HEIZPROG_3_SCHALTPKT_13
480;a1;0;16;0;0;0;0;<REQUEST>
480;a1;0;16;0;0;0;0;<REQUEST>
500;92;0;16;0;cc;0;0;HEIZPROG_3_SCHALTPKT_13
480;a1;0;16;0;0;0;0;<REQUEST>
480;a0;79;5d;0;0;0;0;TBD
480;a6;79;fe;1;0;0;0;TBD
480;a1;0;16;0;0;0;0;<REQUEST>
500;92;0;16;0;cc;0;0;HEIZPROG_3_SCHALTPKT_13
180;66;79;fe;1;0;0;0;TBD
480;a0;79;30;1;0;0;0;TBD
480;a1;0;16;0;0;0;0;<REQUEST>
500;92;0;16;0;cc;0;0;HEIZPROG_3_SCHALTPKT_13
480;a1;0;16;0;0;0;0;<REQUEST>
480;a1;0;16;0;0;0;0;<REQUEST>
480;a1;0;16;0;0;0;0;<REQUEST>
500;92;0;16;0;cc;0;0;HEIZPROG_3_SCHALTPKT_13
180;e2;0;fa;0;16;0;f5;RUECKLAUFISTTEMP
480;a1;0;16;0;0;0;0;<REQUEST>
480;a1;0;16;0;0;0;0;<REQUEST>
500;92;0;16;0;cc;0;0;HEIZPROG_3_SCHALTPKT_13
500;92;0;16;0;cc;0;0;HEIZPROG_3_SCHALTPKT_13
480;a1;0;16;0;0;0;0;<REQUEST>
480;a1;0;16;0;0;0;0;<REQUEST>
500;92;0;16;0;cc;0;0;HEIZPROG_3_SCHALTPKT_13
480;a1;0;16;0;0;0;0;<REQUEST>
500;92;0;16;0;cc;0;0;HEIZPROG_3_SCHALTPKT_13
480;a0;79;10;0;0;0;0;TBD
480;a0;79;5d;0;0;0;0;TBD
480;a1;0;16;0;0;0;0;<REQUEST>
500;90;0;1;0;0;0;0;TBD
500;90;0;14;0;f2;0;0;TBD
500;90;0;60;0;0;0;0;TBD
480;a0;79;30;1;0;0;0;TBD
480;a0;79;10;0;0;0;0;TBD
500;90;0;61;0;0;0;0;TBD
480;a1;0;16;0;0;0;0;<REQUEST>
500;92;0;16;0;cc;0;0;HEIZPROG_3_SCHALTPKT_13
480;a0;79;5d;0;0;0;0;TBD
480;a1;0;16;0;0;0;0;<REQUEST>
500;92;0;16;0;cc;0;0;HEIZPROG_3_SCHALTPKT_13
480;a1;0;16;0;0;0;0;<REQUEST>
180;66;79;fe;1;0;0;0;TBD
480;a6;79;fe;1;0;0;0;TBD
500;92;0;16;0;cc;0;0;HEIZPROG_3_SCHALTPKT_13
480;a1;0;16;0;0;0;0;<REQUEST>
480;a0;79;10;0;0;0;0;TBD
480;a0;79;5d;0;0;0;0;TBD
500;92;0;16;0;cc;0;0;HEIZPROG_3_SCHALTPKT_13
500;90;0;1;0;0;0;0;TBD
500;90;0;14;0;f2;0;0;TBD
500;90;0;60;0;0;0;0;TBD
480;a1;0;16;0;0;0;0;<REQUEST>
500;92;0;16;0;cc;0;0;HEIZPROG_3_SCHALTPKT_13
480;a1;0;16;0;0;0;0;<REQUEST>
480;a0;79;30;1;0;0;0;TBD
480;a0;79;fa;0a;20;0;0;SAMMEL_RELAISSTATUS
500;92;0;16;0;cc;0;0;HEIZPROG_3_SCHALTPKT_13
480;a1;0;16;0;0;0;0;<REQUEST>
480;a0;79;fa;0a;20;0;0;SAMMEL_RELAISSTATUS
480;a0;79;fa;0a;20;0;0;SAMMEL_RELAISSTATUS
500;92;0;16;0;cc;0;0;HEIZPROG_3_SCHALTPKT_13
500;92;0;16;0;cc;0;0;HEIZPROG_3_SCHALTPKT_13
480;a1;0;16;0;0;0;0;<REQUEST>
480;a1;0;16;0;0;0;0;<REQUEST>
500;92;0;16;0;cc;0;0;HEIZPROG_3_SCHALTPKT_13
480;a1;0;16;0;0;0;0;<REQUEST>
480;a1;0;16;0;0;0;0;<REQUEST>
480;a0;79;fa;0a;20;0;0;SAMMEL_RELAISSTATUS
480;a0;79;fa;1;22;15;0;TAG
500;92;0;16;0;cc;0;0;HEIZPROG_3_SCHALTPKT_13
180;e2;0;fa;0;0c;0;a7;AUSSENTEMP
480;a0;79;fa;1;22;15;0;TAG
480;a0;79;fa;1;23;3;0;MONAT
480;a1;0;16;0;0;0;0;<REQUEST>
500;92;0;16;0;cc;0;0;HEIZPROG_3_SCHALTPKT_13
480;a1;0;16;0;0;0;0;<REQUEST>
500;92;0;16;0;cc;0;0;HEIZPROG_3_SCHALTPKT_13
480;a1;0;16;0;0;0;0;<REQUEST>
500;92;0;16;0;cc;0;0;HEIZPROG_3_SCHALTPKT_13
480;a1;0;16;0;0;0;0;<REQUEST>
500;92;0;16;0;cc;0;0;HEIZPROG_3_SCHALTPKT_13
480;a1;0;16;0;0;0;0;<REQUEST>
500;92;0;16;0;cc;0;0;HEIZPROG_3_SCHALTPKT_13
480;a0;79;fa;1;23;3;0;MONAT
480;a0;79;fa;1;23;3;0;MONAT
500;92;0;16;0;cc;0;0;HEIZPROG_3_SCHALTPKT_13
480;a1;0;16;0;0;0;0;<REQUEST>
480;a0;79;fa;1;24;0c;0;JAHR
480;a0;79;fa;1;25;0b;0;STUNDE
480;a1;0;16;0;0;0;0;<REQUEST>
500;92;0;16;0;cc;0;0;HEIZPROG_3_SCHALTPKT_13
480;a1;0;16;0;0;0;0;<REQUEST>
500;92;0;16;0;cc;0;0;HEIZPROG_3_SCHALTPKT_13
480;a1;0;16;0;0;0;0;<REQUEST>
500;92;0;16;0;cc;0;0;HEIZPROG_3_SCHALTPKT_13
480;a1;0;16;0;0;0;0;<REQUEST>
500;92;0;16;0;cc;0;0;HEIZPROG_3_SCHALTPKT_13
480;a1;0;16;0;0;0;0;<REQUEST>
480;a1;0;16;0;0;0;0;<REQUEST>
500;92;0;16;0;cc;0;0;HEIZPROG_3_SCHALTPKT_13
500;92;0;16;0;cc;0;0;HEIZPROG_3_SCHALTPKT_13
480;a0;79;fa;1;26;16;0;MINUTE
480;a0;79;fa;1;26;17;0;MINUTE
480;a1;0;16;0;0;0;0;<REQUEST>
180;e2;0;fa;0;16;0;f5;RUECKLAUFISTTEMP
480;a0;79;fa;1;26;19;0;MINUTE
480;a0;79;fa;1;26;1a;0;MINUTE
480;a1;0;16;0;0;0;0;<REQUEST>
500;92;0;16;0;cc;0;0;HEIZPROG_3_SCHALTPKT_13
500;92;0;16;0;cc;0;0;HEIZPROG_3_SCHALTPKT_13
480;a1;0;16;0;0;0;0;<REQUEST>
500;92;0;16;0;cc;0;0;HEIZPROG_3_SCHALTPKT_13
480;a1;0;16;0;0;0;0;<REQUEST>
480;a1;0;16;0;0;0;0;<REQUEST>
500;92;0;16;0;cc;0;0;HEIZPROG_3_SCHALTPKT_13
480;a1;0;16;0;0;0;0;<REQUEST>
500;92;0;16;0;cc;0;0;HEIZPROG_3_SCHALTPKT_13
480;a1;0;16;0;0;0;0;<REQUEST>
480;a1;0;16;0;0;0;0;<REQUEST>
500;92;0;16;0;cc;0;0;HEIZPROG_3_SCHALTPKT_13
500;92;0;16;0;cc;0;0;HEIZPROG_3_SCHALTPKT_13
480;a1;0;16;0;0;0;0;<REQUEST>
480;a0;79;fa;1;26;1c;0;MINUTE
480;a0;79;fa;1;26;1f;0;MINUTE
500;92;0;16;0;cc;0;0;HEIZPROG_3_SCHALTPKT_13
480;a1;0;16;0;0;0;0;<REQUEST>
480;a1;0;16;0;0;0;0;<REQUEST>
500;92;0;16;0;cc;0;0;HEIZPROG_3_SCHALTPKT_13
480;a1;0;16;0;0;0;0;<REQUEST>
480;a0;79;fa;1;26;20;0;MINUTE
480;a0;79;fa;1;26;21;0;MINUTE
500;92;0;16;0;cc;0;0;HEIZPROG_3_SCHALTPKT_13
480;a1;0;16;0;0;0;0;<REQUEST>
500;92;0;16;0;cc;0;0;HEIZPROG_3_SCHALTPKT_13
480;a0;79;fa;1;26;22;0;MINUTE
480;a1;0;16;0;0;0;0;<REQUEST>
500;92;0;16;0;cc;0;0;HEIZPROG_3_SCHALTPKT_13
480;a1;0;16;0;0;0;0;<REQUEST>
500;92;0;16;0;cc;0;0;HEIZPROG_3_SCHALTPKT_13
480;a0;79;fa;4e;30;0;0;n/a
480;a0;79;fa;4e;30;0;0;n/a
500;92;0;16;0;cc;0;0;HEIZPROG_3_SCHALTPKT_13
480;a1;0;16;0;0;0;0;<REQUEST>
480;a0;79;fa;4e;30;0;0;n/a
180;a0;79;0c;0;a6;0;0;n/a
500;92;0;16;0;cc;0;0;HEIZPROG_3_SCHALTPKT_13
480;a1;0;16;0;0;0;0;<REQUEST>
480;a1;0;16;0;0;0;0;<REQUEST>
500;92;0;16;0;cc;0;0;HEIZPROG_3_SCHALTPKT_13
480;a1;0;16;0;0;0;0;<REQUEST>
500;90;0;1;0;0;0;0;TBD
180;a0;79;0c;0;a6;0;0;n/a
180;a0;79;0c;0;a6;0;0;n/a
500;90;0;14;0;f2;0;0;TBD
500;90;0;60;0;0;0;0;TBD
180;a0;79;0c;0;a6;0;0;n/a
180;a0;79;0c;0;a6;0;0;n/a
500;90;0;61;0;0;0;0;TBD
480;a1;0;16;0;0;0;0;<REQUEST>
500;92;0;16;0;cc;0;0;HEIZPROG_3_SCHALTPKT_13
480;a1;0;16;0;0;0;0;<REQUEST>
500;92;0;16;0;cc;0;0;HEIZPROG_3_SCHALTPKT_13
500;92;0;16;0;cc;0;0;HEIZPROG_3_SCHALTPKT_13
480;a1;0;16;0;0;0;0;<REQUEST>
180;a0;79;0c;0;a6;0;0;n/a
180;a0;79;0c;0;a6;0;0;n/a
500;92;0;16;0;cc;0;0;HEIZPROG_3_SCHALTPKT_13
500;90;0;1;0;0;0;0;TBD
500;90;0;14;0;f0;0;0;ONL_CODENUMMER
180;a0;79;0c;0;a6;0;0;n/a
180;a0;79;0c;0;a6;0;0;n/a
480;a0;0;5e;0;0;0;0;TBD
500;92;0;16;0;cc;0;0;HEIZPROG_3_SCHALTPKT_13
500;92;0;16;0;cc;0;0;HEIZPROG_3_SCHALTPKT_13
480;a1;0;16;0;0;0;0;<REQUEST>
480;a1;0;16;0;0;0;0;<REQUEST>
500;92;0;16;0;cc;0;0;HEIZPROG_3_SCHALTPKT_13
480;a1;0;16;0;0;0;0;<REQUEST>
480;a1;0;16;0;0;0;0;<REQUEST>
480;a1;0;16;0;0;0;0;<REQUEST>
180;a0;79;0c;0;a6;0;0;n/a
180;a0;79;0c;0;a6;0;0;n/a
500;92;0;16;0;cc;0;0;HEIZPROG_3_SCHALTPKT_13
480;a1;0;16;0;0;0;0;<REQUEST>
180;a0;79;0c;0;a6;0;0;n/a
180;a0;79;0c;0;a6;0;0;n/a
500;92;0;16;0;cc;0;0;HEIZPROG_3_SCHALTPKT_13
500;90;0;14;0;ef;0;0;LOAD_STANDARD
480;a1;0;16;0;0;0;0;<REQUEST>
500;92;0;16;0;cc;0;0;HEIZPROG_3_SCHALTPKT_13
180;e2;0;fa;0;16;0;f6;RUECKLAUFISTTEMP
480;a1;0;16;0;0;0;0;<REQUEST>
480;a1;0;16;0;0;0;0;<REQUEST>
500;92;0;16;0;cc;0;0;HEIZPROG_3_SCHALTPKT_13
500;92;0;16;0;cc;0;0;HEIZPROG_3_SCHALTPKT_13
480;a1;0;16;0;0;0;0;<REQUEST>
480;a1;0;16;0;0;0;0;<REQUEST>
480;a1;0;fa;1;d6;0;0;WPVORLAUFIST
180;a0;79;0c;0;a6;0;0;n/a
180;a0;79;0c;0;a6;0;0;n/a
500;92;0;fa;1;d6;0;f4;WPVORLAUFIST
480;a1;0;fa;1;99;0;0;SOFTWARE_NUMMER
180;a0;79;0c;0;a6;0;0;n/a
180;a0;79;0c;0;a6;0;0;n/a
500;92;0;fa;1;99;0;43;SOFTWARE_NUMMER
480;a1;0;fa;1;d6;0;0;WPVORLAUFIST
500;92;0;fa;1;d6;0;f4;WPVORLAUFIST
480;a1;0;fa;1;99;0;0;SOFTWARE_NUMMER
500;92;0;fa;1;99;0;43;SOFTWARE_NUMMER
480;a1;0;fa;1;d6;0;0;WPVORLAUFIST
500;92;0;fa;1;d6;0;f4;WPVORLAUFIST
480;a1;0;fa;1;99;0;0;SOFTWARE_NUMMER
500;92;0;fa;1;99;0;43;SOFTWARE_NUMMER
480;a1;0;fa;1;d6;0;0;WPVORLAUFIST
500;92;0;fa;1;d6;0;f4;WPVORLAUFIST
480;a1;0;fa;1;99;0;0;SOFTWARE_NUMMER
500;92;0;fa;1;99;0;43;SOFTWARE_NUMMER
480;a1;0;fa;1;d6;0;0;WPVORLAUFIST
500;92;0;fa;1;d6;0;f4;WPVORLAUFIST
180;a0;79;0c;0;a6;0;0;n/a
480;a1;0;fa;1;99;0;0;SOFTWARE_NUMMER
500;92;0;fa;1;99;0;43;SOFTWARE_NUMMER
480;a1;0;fa;1;d6;0;0;WPVORLAUFIST
500;92;0;fa;1;d6;0;f4;WPVORLAUFIST
480;a1;0;fa;1;99;0;0;SOFTWARE_NUMMER
180;a0;79;0c;0;a6;0;0;n/a
180;a0;79;0c;0;a6;0;0;n/a
500;92;0;fa;1;99;0;43;SOFTWARE_NUMMER
480;a1;0;fa;1;d6;0;0;WPVORLAUFIST
500;92;0;fa;1;d6;0;f4;WPVORLAUFIST
480;a1;0;fa;1;99;0;0;SOFTWARE_NUMMER
500;92;0;fa;1;99;0;43;SOFTWARE_NUMMER
480;a1;0;fa;1;d6;0;0;WPVORLAUFIST
500;92;0;fa;1;d6;0;f4;WPVORLAUFIST
180;a0;79;0c;0;a7;0;0;n/a
180;a0;79;0c;0;a7;0;0;n/a
480;a1;0;fa;1;99;0;0;SOFTWARE_NUMMER
500;92;0;fa;1;99;0;43;SOFTWARE_NUMMER
180;a0;79;0c;0;a7;0;0;n/a
180;a0;79;0c;0;a7;0;0;n/a
480;a1;0;fa;1;d6;0;0;WPVORLAUFIST
500;92;0;fa;1;d6;0;f4;WPVORLAUFIST
480;a1;0;fa;1;99;0;0;SOFTWARE_NUMMER
500;92;0;fa;1;99;0;43;SOFTWARE_NUMMER
480;a1;0;fa;1;d6;0;0;WPVORLAUFIST
500;92;0;fa;1;d6;0;f4;WPVORLAUFIST
480;a1;0;fa;1;99;0;0;SOFTWARE_NUMMER
180;a0;79;0c;0;a7;0;0;n/a
180;a0;79;0c;0;a7;0;0;n/a
500;92;0;fa;1;99;0;43;SOFTWARE_NUMMER
180;e2;0;3;1;e0;0;0;FUEHLERFROSTSCHUTZ
180;a0;79;0c;0;a7;0;0;n/a
180;a0;79;0c;0;a7;0;0;n/a
180;a0;79;0c;0;a7;0;0;n/a
180;a0;79;0c;0;a7;0;0;n/a
180;a0;79;0c;0;a7;0;0;n/a
180;a0;79;0c;0;a7;0;0;n/a
180;a0;79;0c;0;a7;0;0;n/a
180;a0;79;0c;0;a7;0;0;n/a
180;a0;79;0c;0;a7;0;0;n/a
480;a1;0;fa;1;d6;0;0;WPVORLAUFIST
500;92;0;fa;1;d6;0;f4;WPVORLAUFIST
480;a1;0;fa;1;99;0;0;SOFTWARE_NUMMER
500;92;0;fa;1;99;0;43;SOFTWARE_NUMMER
480;a1;0;fa;1;d6;0;0;WPVORLAUFIST
500;92;0;fa;1;d6;0;f4;WPVORLAUFIST
480;a1;0;fa;1;99;0;0;SOFTWARE_NUMMER
500;92;0;fa;1;99;0;43;SOFTWARE_NUMMER
480;a1;0;fa;1;d6;0;0;WPVORLAUFIST
500;92;0;fa;1;d6;0;f4;WPVORLAUFIST
480;a1;0;fa;1;99;0;0;SOFTWARE_NUMMER
500;92;0;fa;1;99;0;43;SOFTWARE_NUMMER
480;a1;0;fa;1;d6;0;0;WPVORLAUFIST
180;a0;79;0c;0;a7;0;0;n/a
500;92;0;fa;1;d6;0;f4;WPVORLAUFIST
480;a1;0;fa;1;99;0;0;SOFTWARE_NUMMER
500;92;0;fa;1;99;0;43;SOFTWARE_NUMMER
480;a1;0;fa;1;d6;0;0;WPVORLAUFIST
500;92;0;fa;1;d6;0;f4;WPVORLAUFIST
480;a1;0;fa;1;99;0;0;SOFTWARE_NUMMER
500;92;0;fa;1;99;0;43;SOFTWARE_NUMMER
480;a1;0;fa;1;d6;0;0;WPVORLAUFIST
500;92;0;fa;1;d6;0;f4;WPVORLAUFIST
500;96;0;fe;1;0;0;0;TBD
480;a7;0;fe;1;0;0;0;EVU Freigabe?
480;a0;0;fa;1;9a;1d;0;SOFTWARE_VERSION
480;a1;0;fa;1;99;0;0;SOFTWARE_NUMMER
500;92;0;fa;1;99;0;43;SOFTWARE_NUMMER
480;a1;0;fa;1;d6;0;0;WPVORLAUFIST
500;92;0;fa;1;d6;0;f4;WPVORLAUFIST
480;a1;0;fa;1;99;0;0;SOFTWARE_NUMMER
500;92;0;fa;1;99;0;43;SOFTWARE_NUMMER
480;a1;0;fa;1;d6;0;0;WPVORLAUFIST
500;92;0;fa;1;d6;0;f4;WPVORLAUFIST
480;a1;0;fa;1;99;0;0;SOFTWARE_NUMMER
500;92;0;fa;1;99;0;43;SOFTWARE_NUMMER
480;a1;0;fa;1;d6;0;0;WPVORLAUFIST
500;92;0;fa;1;d6;0;f4;WPVORLAUFIST
180;a0;79;0c;0;a7;0;0;n/a
180;a0;79;0c;0;a7;0;0;n/a
480;a1;0;fa;1;99;0;0;SOFTWARE_NUMMER
500;92;0;fa;1;99;0;43;SOFTWARE_NUMMER
601;66;1;fe;1;0;0;0;TBD
602;66;2;fe;1;0;0;0;TBD
180;c6;3;fe;1;0;0;0;TBD
480;a0;0;fa;1;9a;1d;0;SOFTWARE_VERSION
480;a1;0;fa;1;99;0;0;SOFTWARE_NUMMER
500;92;0;fa;1;99;0;43;SOFTWARE_NUMMER
480;a1;0;fa;1;99;0;0;SOFTWARE_NUMMER
180;a0;79;0c;0;a7;0;0;n/a
180;a0;79;0c;0;a7;0;0;n/a
500;92;0;fa;1;99;0;43;SOFTWARE_NUMMER
480;a1;0;fa;1;d6;0;0;WPVORLAUFIST
500;92;0;fa;1;d6;0;f4;WPVORLAUFIST
180;a0;79;0c;0;a7;0;0;n/a
180;a0;79;0c;0;a7;0;0;n/a
480;a1;0;fa;1;99;0;0;SOFTWARE_NUMMER
500;92;0;fa;1;99;0;43;SOFTWARE_NUMMER
480;a1;0;fa;1;d6;0;0;WPVORLAUFIST
500;92;0;fa;1;d6;0;f4;WPVORLAUFIST
480;a1;0;fa;1;99;0;0;SOFTWARE_NUMMER
500;92;0;fa;1;99;0;43;SOFTWARE_NUMMER
480;a1;0;fa;1;d6;0;0;WPVORLAUFIST
500;92;0;fa;1;d6;0;f4;WPVORLAUFIST
480;a1;0;fa;1;99;0;0;SOFTWARE_NUMMER
500;92;0;fa;1;99;0;43;SOFTWARE_NUMMER
480;a1;0;fa;1;d6;0;0;WPVORLAUFIST
180;a0;79;0c;0;a7;0;0;n/a
180;a0;79;0c;0;a7;0;0;n/a
500;92;0;fa;1;d6;0;f4;WPVORLAUFIST
480;a1;0;fa;1;99;0;0;SOFTWARE_NUMMER
500;92;0;fa;1;99;0;43;SOFTWARE_NUMMER
180;a0;79;0c;0;a7;0;0;n/a
180;a0;79;0c;0;a7;0;0;n/a
480;a1;0;fa;1;d6;0;0;WPVORLAUFIST
500;92;0;fa;1;d6;0;f4;WPVORLAUFIST
500;92;0;fa;1;99;0;43;SOFTWARE_NUMMER
480;a1;0;fa;1;d6;0;0;WPVORLAUFIST
500;92;0;fa;1;d6;0;f4;WPVORLAUFIST
480;a1;0;fa;1;99;0;0;SOFTWARE_NUMMER
500;92;0;fa;1;99;0;43;SOFTWARE_NUMMER
480;a1;0;fa;1;d6;0;0;WPVORLAUFIST
500;92;0;fa;1;d6;0;f4;WPVORLAUFIST
480;a1;0;fa;1;99;0;0;SOFTWARE_NUMMER
500;92;0;fa;1;99;0;43;SOFTWARE_NUMMER
480;a1;0;fa;1;d6;0;0;WPVORLAUFIST
500;92;0;fa;1;d6;0;f4;WPVORLAUFIST
480;a1;0;fa;1;99;0;0;SOFTWARE_NUMMER
180;a0;79;0c;0;a7;0;0;n/a
180;a0;79;0c;0;a7;0;0;n/a
500;92;0;fa;1;99;0;43;SOFTWARE_NUMMER
480;a1;0;fa;1;d6;0;0;WPVORLAUFIST
500;92;0;fa;1;d6;0;f4;WPVORLAUFIST
480;a1;0;fa;1;99;0;0;SOFTWARE_NUMMER
500;92;0;fa;1;99;0;43;SOFTWARE_NUMMER
480;a1;0;fa;1;d6;0;0;WPVORLAUFIST
180;a0;79;0c;0;a7;0;0;n/a
180;a0;79;0c;0;a7;0;0;n/a
500;92;0;fa;1;d6;0;f4;WPVORLAUFIST
480;a1;0;fa;1;99;0;0;SOFTWARE_NUMMER
180;a0;79;0c;0;a7;0;0;n/a
500;92;0;fa;1;99;0;43;SOFTWARE_NUMMER
480;a1;0;fa;1;d6;0;0;WPVORLAUFIST
180;a0;79;0c;0;a7;0;0;n/a
500;92;0;fa;1;d6;0;f4;WPVORLAUFIST
480;a1;0;fa;1;99;0;0;SOFTWARE_NUMMER
180;a0;79;0c;0;a7;0;0;n/a
500;92;0;fa;1;99;0;43;SOFTWARE_NUMMER
480;a1;0;fa;1;d6;0;0;WPVORLAUFIST
500;92;0;fa;1;d6;0;f4;WPVORLAUFIST
480;a1;0;fa;1;99;0;0;SOFTWARE_NUMMER
500;92;0;fa;1;99;0;43;SOFTWARE_NUMMER
180;e2;0;13;1;e0;0;0;FUEHLERFROSTSCHUTZ
180;a0;79;0c;0;a7;0;0;n/a
180;a0;79;0c;0;a7;0;0;n/a
180;a0;79;0c;0;a7;0;0;n/a
180;a0;79;0c;0;a7;0;0;n/a
180;a0;79;0c;0;a7;0;0;n/a
180;a0;79;0c;0;a7;0;0;n/a
480;a1;0;fa;1;d6;0;0;WPVORLAUFIST
180;a0;79;0c;0;a7;0;0;n/a
180;a0;79;0c;0;a7;0;0;n/a
500;92;0;fa;1;d6;0;f4;WPVORLAUFIST
480;a1;0;fa;1;99;0;0;SOFTWARE_NUMMER
500;92;0;fa;1;99;0;43;SOFTWARE_NUMMER
480;a1;0;fa;1;d6;0;0;WPVORLAUFIST
500;92;0;fa;1;d6;0;f4;WPVORLAUFIST
480;a1;0;fa;1;99;0;0;SOFTWARE_NUMMER
500;92;0;fa;1;99;0;43;SOFTWARE_NUMMER
480;a1;0;fa;1;d6;0;0;WPVORLAUFIST
500;92;0;fa;1;d6;0;f4;WPVORLAUFIST
480;a1;0;fa;1;99;0;0;SOFTWARE_NUMMER
500;92;0;fa;1;99;0;43;SOFTWARE_NUMMER
480;a1;0;fa;1;d6;0;0;WPVORLAUFIST
500;92;0;fa;1;d6;0;f4;WPVORLAUFIST
480;a1;0;fa;1;99;0;0;SOFTWARE_NUMMER
500;92;0;fa;1;99;0;43;SOFTWARE_NUMMER
180;a0;79;0c;0;a7;0;0;n/a
480;a1;0;fa;1;d6;0;0;WPVORLAUFIST
500;92;0;fa;1;d6;0;f3;WPVORLAUFIST
480;a1;0;fa;1;99;0;0;SOFTWARE_NUMMER
500;92;0;fa;1;99;0;43;SOFTWARE_NUMMER
480;a1;0;fa;1;d6;0;0;WPVORLAUFIST
500;92;0;fa;1;d6;0;f3;WPVORLAUFIST
480;a1;0;fa;1;99;0;0;SOFTWARE_NUMMER
500;92;0;fa;1;99;0;43;SOFTWARE_NUMMER
480;a1;0;fa;1;d6;0;0;WPVORLAUFIST
500;92;0;fa;1;d6;0;f3;WPVORLAUFIST
180;a0;79;0c;0;a7;0;0;n/a
180;a0;79;0c;0;a7;0;0;n/a
480;a1;0;fa;1;99;0;0;SOFTWARE_NUMMER
500;92;0;fa;1;99;0;43;SOFTWARE_NUMMER
180;a0;79;0c;0;a7;0;0;n/a
180;a0;79;0c;0;a7;0;0;n/a
480;a1;0;fa;1;d6;0;0;WPVORLAUFIST
500;92;0;fa;1;d6;0;f3;WPVORLAUFIST
180;e2;0;0e;1;ce;0;0;STILLSTANDZEIT_2
480;a1;0;fa;1;99;0;0;SOFTWARE_NUMMER
500;92;0;fa;1;99;0;43;SOFTWARE_NUMMER
480;a1;0;fa;1;d6;0;0;WPVORLAUFIST
500;92;0;fa;1;d6;0;f3;WPVORLAUFIST
180;a0;79;0c;0;a7;0;0;n/a
180;a0;79;0c;0;a7;0;0;n/a
480;a1;0;fa;1;99;0;0;SOFTWARE_NUMMER
500;92;0;fa;1;99;0;43;SOFTWARE_NUMMER
180;a0;79;0c;0;a7;0;0;n/a
180;a0;79;0c;0;a7;0;0;n/a
480;a1;0;fa;1;d6;0;0;WPVORLAUFIST
500;92;0;fa;1;d6;0;f3;WPVORLAUFIST
480;a1;0;fa;1;99;0;0;SOFTWARE_NUMMER
500;92;0;fa;1;99;0;43;SOFTWARE_NUMMER
480;a1;0;fa;1;d6;0;0;WPVORLAUFIST
500;92;0;fa;1;d6;0;f3;WPVORLAUFIST
480;a1;0;fa;1;99;0;0;SOFTWARE_NUMMER
500;92;0;fa;1;99;0;43;SOFTWARE_NUMMER
480;a1;0;fa;1;d6;0;0;WPVORLAUFIST
180;a0;79;0c;0;a7;0;0;n/a
180;a0;79;0c;0;a7;0;0;n/a
500;92;0;fa;1;d6;0;f3;WPVORLAUFIST
480;a1;0;fa;1;99;0;0;SOFTWARE_NUMMER
180;a0;79;0c;0;a7;0;0;n/a
180;a0;79;0c;0;a7;0;0;n/a
500;92;0;fa;1;99;0;43;SOFTWARE_NUMMER
480;a1;0;fa;1;d6;0;0;WPVORLAUFIST
500;92;0;fa;1;d6;0;f3;WPVORLAUFIST
480;a1;0;fa;1;99;0;0;SOFTWARE_NUMMER
500;92;0;fa;1;99;0;43;SOFTWARE_NUMMER
480;a1;0;fa;1;d6;0;0;WPVORLAUFIST
500;92;0;fa;1;d6;0;f3;WPVORLAUFIST
480;a1;0;fa;1;99;0;0;SOFTWARE_NUMMER
500;92;0;fa;1;99;0;43;SOFTWARE_NUMMER
480;a1;0;fa;1;d6;0;0;WPVORLAUFIST
500;92;0;fa;1;d6;0;f3;WPVORLAUFIST
180;a0;79;0c;0;a7;0;0;n/a
180;a0;79;0c;0;a7;0;0;n/a
480;a1;0;fa;1;99;0;0;SOFTWARE_NUMMER
500;92;0;fa;1;99;0;43;SOFTWARE_NUMMER
180;a0;79;0c;0;a7;0;0;n/a
180;a0;79;0c;0;a7;0;0;n/a
480;a1;0;fa;1;d6;0;0;WPVORLAUFIST
500;92;0;fa;1;d6;0;f3;WPVORLAUFIST
180;e2;0;fa;1;d4;fe;70;QUELLE_IST
480;a1;0;fa;1;99;0;0;SOFTWARE_NUMMER
500;92;0;fa;1;99;0;43;SOFTWARE_NUMMER
480;a1;0;fa;1;d6;0;0;WPVORLAUFIST
500;92;0;fa;1;d6;0;f3;WPVORLAUFIST
480;a1;0;fa;1;99;0;0;SOFTWARE_NUMMER
500;92;0;fa;1;99;0;43;SOFTWARE_NUMMER
480;a1;0;fa;1;d6;0;0;WPVORLAUFIST
500;92;0;fa;1;d6;0;f3;WPVORLAUFIST
480;a1;0;fa;1;99;0;0;SOFTWARE_NUMMER
500;92;0;fa;1;99;0;43;SOFTWARE_NUMMER
480;a1;0;fa;1;d6;0;0;WPVORLAUFIST
500;92;0;fa;1;d6;0;f3;WPVORLAUFIST
180;a0;79;0c;0;a7;0;0;n/a
180;a0;79;0c;0;a7;0;0;n/a
480;a1;0;fa;1;99;0;0;SOFTWARE_NUMMER
500;92;0;fa;1;99;0;43;SOFTWARE_NUMMER
480;a1;0;fa;1;d6;0;0;WPVORLAUFIST
500;92;0;fa;1;d6;0;f3;WPVORLAUFIST
480;a1;0;fa;1;99;0;0;SOFTWARE_NUMMER
180;a0;79;0c;0;a7;0;0;n/a
180;a0;79;0c;0;a7;0;0;n/a
500;92;0;fa;1;99;0;43;SOFTWARE_NUMMER
480;a1;0;fa;1;d6;0;0;WPVORLAUFIST
500;92;0;fa;1;d6;0;f3;WPVORLAUFIST
180;a0;79;0c;0;a7;0;0;n/a
480;a1;0;fa;1;99;0;0;SOFTWARE_NUMMER
500;92;0;fa;1;99;0;43;SOFTWARE_NUMMER
480;a1;0;fa;1;d6;0;0;WPVORLAUFIST
180;a0;79;0c;0;a7;0;0;n/a
180;a0;79;0c;0;a7;0;0;n/a
500;92;0;fa;1;d6;0;f3;WPVORLAUFIST
180;a0;79;0c;0;a7;0;0;n/a
180;a0;79;0c;0;a7;0;0;n/a
480;a1;0;fa;1;99;0;0;SOFTWARE_NUMMER
500;92;0;fa;1;99;0;43;SOFTWARE_NUMMER
480;a1;0;fa;1;d6;0;0;WPVORLAUFIST
500;92;0;fa;1;d6;0;f3;WPVORLAUFIST
480;a1;0;fa;1;99;0;0;SOFTWARE_NUMMER
500;92;0;fa;1;99;0;43;SOFTWARE_NUMMER
480;a1;0;fa;1;d6;0;0;WPVORLAUFIST
180;a0;79;0c;0;a7;0;0;n/a
180;a0;79;0c;0;a7;0;0;n/a
500;92;0;fa;1;d6;0;f3;WPVORLAUFIST
500;96;0;fe;1;0;0;0;TBD
180;a0;79;0c;0;a7;0;0;n/a
180;a0;79;0c;0;a7;0;0;n/a
480;a7;0;fe;1;0;0;0;EVU Freigabe?
480;a0;0;fa;1;9a;1d;0;SOFTWARE_VERSION
480;a1;0;fa;1;99;0;0;SOFTWARE_NUMMER
500;92;0;fa;1;99;0;43;SOFTWARE_NUMMER
480;a1;0;fa;1;d6;0;0;WPVORLAUFIST
500;92;0;fa;1;d6;0;f3;WPVORLAUFIST
480;a1;0;fa;1;99;0;0;SOFTWARE_NUMMER
180;a0;79;0c;0;a7;0;0;n/a
180;a0;79;0c;0;a7;0;0;n/a
500;92;0;fa;1;99;0;43;SOFTWARE_NUMMER
480;a1;0;fa;1;d6;0;0;WPVORLAUFIST
180;a0;79;0c;0;a7;0;0;n/a
180;a0;79;0c;0;a7;0;0;n/a
500;92;0;fa;1;d6;0;f3;WPVORLAUFIST
480;a1;0;fa;1;99;0;0;SOFTWARE_NUMMER
500;92;0;fa;1;99;0;43;SOFTWARE_NUMMER
480;a1;0;fa;1;d6;0;0;WPVORLAUFIST
500;92;0;fa;1;d6;0;f3;WPVORLAUFIST
480;a1;0;fa;1;99;0;0;SOFTWARE_NUMMER
500;92;0;fa;1;99;0;43;SOFTWARE_NUMMER
601;66;1;fe;1;0;0;0;TBD
602;66;2;fe;1;0;0;0;TBD
500;97;0;fe;1;0;0;0;TBD
180;a0;79;0c;0;a7;0;0;n/a
180;a0;79;0c;0;a7;0;0;n/a
500;92;0;fa;1;d6;0;f3;WPVORLAUFIST
480;a1;0;fa;1;d6;0;0;WPVORLAUFIST
180;a0;79;0c;0;a7;0;0;n/a
180;a0;79;0c;0;a7;0;0;n/a
500;92;0;fa;1;d6;0;f3;WPVORLAUFIST
480;a1;0;fa;1;99;0;0;SOFTWARE_NUMMER
500;92;0;fa;1;99;0;43;SOFTWARE_NUMMER
480;a1;0;fa;1;99;0;0;SOFTWARE_NUMMER
500;92;0;fa;1;99;0;43;SOFTWARE_NUMMER
480;a1;0;fa;1;d6;0;0;WPVORLAUFIST
500;92;0;fa;1;d6;0;f3;WPVORLAUFIST
480;a1;0;fa;1;99;0;0;SOFTWARE_NUMMER
500;92;0;fa;1;99;0;43;SOFTWARE_NUMMER
480;a1;0;fa;1;d6;0;0;WPVORLAUFIST
500;92;0;fa;1;d6;0;f3;WPVORLAUFIST
180;a0;79;0c;0;a7;0;0;n/a
180;a0;79;0c;0;a7;0;0;n/a
480;a1;0;fa;1;99;0;0;SOFTWARE_NUMMER
500;92;0;fa;1;99;0;43;SOFTWARE_NUMMER
180;a0;79;0c;0;a7;0;0;n/a
180;a0;79;0c;0;a7;0;0;n/a
480;a1;0;fa;1;d6;0;0;WPVORLAUFIST
500;92;0;fa;1;d6;0;f3;WPVORLAUFIST
480;a1;0;fa;1;99;0;0;SOFTWARE_NUMMER
500;92;0;fa;1;99;0;43;SOFTWARE_NUMMER
480;a1;0;fa;1;d6;0;0;WPVORLAUFIST
500;92;0;fa;1;d6;0;f3;WPVORLAUFIST
480;a1;0;fa;1;99;0;0;SOFTWARE_NUMMER
500;92;0;fa;1;99;0;43;SOFTWARE_NUMMER
480;a1;0;fa;1;d6;0;0;WPVORLAUFIST
500;92;0;fa;1;d6;0;f3;WPVORLAUFIST
480;a1;0;fa;1;99;0;0;SOFTWARE_NUMMER
500;92;0;fa;1;99;0;43;SOFTWARE_NUMMER
480;a1;0;fa;1;d6;0;0;WPVORLAUFIST
500;92;0;fa;1;d6;0;f3;WPVORLAUFIST
480;a1;0;fa;1;d6;0;0;WPVORLAUFIST
500;92;0;fa;1;d6;0;f3;WPVORLAUFIST
180;a0;79;0c;0;a7;0;0;n/a
180;a0;79;0c;0;a7;0;0;n/a
480;a1;0;fa;1;99;0;0;SOFTWARE_NUMMER
500;92;0;fa;1;99;0;43;SOFTWARE_NUMMER
480;a1;0;fa;1;d6;0;0;WPVORLAUFIST
480;a1;0;fa;1;99;0;0;SOFTWARE_NUMMER
500;92;0;fa;1;99;0;43;SOFTWARE_NUMMER
180;a0;79;0c;0;a7;0;0;n/a
180;a0;79;0c;0;a7;0;0;n/a
480;a1;0;fa;1;d6;0;0;WPVORLAUFIST
500;92;0;fa;1;d6;0;f3;WPVORLAUFIST
480;a1;0;fa;1;99;0;0;SOFTWARE_NUMMER
500;92;0;fa;1;99;0;43;SOFTWARE_NUMMER
480;a1;0;fa;1;d6;0;0;WPVORLAUFIST
500;92;0;fa;1;d6;0;f3;WPVORLAUFIST
480;a1;0;fa;1;99;0;0;SOFTWARE_NUMMER
180;a0;79;0c;0;a7;0;0;n/a
180;a0;79;0c;0;a8;0;0;n/a
500;92;0;fa;1;99;0;43;SOFTWARE_NUMMER
480;a1;0;fa;1;d6;0;0;WPVORLAUFIST
180;a0;79;0c;0;a8;0;0;n/a
500;92;0;fa;1;d6;0;f2;WPVORLAUFIST
180;e2;0;fa;1;d7;0;d3;HILFSKESSELSOLL
480;a1;0;fa;1;99;0;0;SOFTWARE_NUMMER
500;92;0;fa;1;99;0;43;SOFTWARE_NUMMER
480;a1;0;fa;1;d6;0;0;WPVORLAUFIST
180;e2;0;fa;2;ca;80;0;MATERIALNUMMER_HIGH
180;e2;0;fa;2;ca;80;0;MATERIALNUMMER_HIGH
180;a0;79;0c;0;a8;0;0;n/a
180;a0;79;0c;0;a8;0;0;n/a
180;e2;0;fa;2;ca;80;0;MATERIALNUMMER_HIGH
480;a0;0;fa;3;e7;0;0;QUELLENPUMPEN_STATUS
180;a0;79;0c;0;a8;0;0;n/a
180;a0;79;0c;0;a8;0;0;n/a
480;a0;0;fa;3;e7;0;0;QUELLENPUMPEN_STATUS
480;a1;0;fa;3;59;0;0;HARDWARE_NUMMER
500;92;0;fa;3;59;80;0;HARDWARE_NUMMER
480;a0;0;5f;4;0;0;0;Absenkbetrieb?
480;a0;0;5f;4;0;0;0;Absenkbetrieb?
480;a0;0;5f;4;0;0;0;Absenkbetrieb?
480;a0;0;5f;4;0;0;0;Absenkbetrieb?
480;a0;0;5f;4;0;0;0;Absenkbetrieb?
180;a0;79;0c;0;a8;0;0;n/a
180;a0;79;0c;0;a8;0;0;n/a
480;a0;0;5f;4;0;0;0;Absenkbetrieb?
480;a0;0;5f;4;0;0;0;Absenkbetrieb?
180;a0;79;0c;0;a8;0;0;n/a
180;a0;79;0c;0;a8;0;0;n/a
480;a0;0;5f;4;0;0;0;Absenkbetrieb?
480;a0;0;5f;4;0;0;0;Absenkbetrieb?
480;a0;0;5f;4;0;0;0;Absenkbetrieb?
480;a0;0;5f;4;0;0;0;Absenkbetrieb?
480;a0;0;5f;4;0;0;0;Absenkbetrieb?
480;a0;0;5f;4;0;0;0;Absenkbetrieb?
480;a0;0;5f;4;0;0;0;Absenkbetrieb?
480;a0;0;5f;4;0;0;0;Absenkbetrieb?
480;a0;0;5f;4;0;0;0;Absenkbetrieb?
480;a0;0;5f;4;0;0;0;Absenkbetrieb?
180;a0;79;0c;0;a8;0;0;n/a
180;a0;79;0c;0;a8;0;0;n/a
480;a0;0;5f;4;0;0;0;Absenkbetrieb?
480;a0;0;5f;4;0;0;0;Absenkbetrieb?
180;a0;79;0c;0;a8;0;0;n/a
180;a0;79;0c;0;a8;0;0;n/a
480;a0;0;5f;4;0;0;0;Absenkbetrieb?
480;a0;0;5f;4;0;0;0;Absenkbetrieb?
480;a0;0;5f;4;0;0;0;Absenkbetrieb?
480;a0;0;5f;4;0;0;0;Absenkbetrieb?
480;a0;0;5f;4;0;0;0;Absenkbetrieb?
480;a0;0;5f;4;0;0;0;Absenkbetrieb?
480;a0;0;5f;4;0;0;0;Absenkbetrieb?
480;a0;0;5f;4;0;0;0;Absenkbetrieb?
480;a0;0;5f;4;0;0;0;Absenkbetrieb?
480;a0;0;5f;4;0;0;0;Absenkbetrieb?
480;a0;0;5f;4;0;0;0;Absenkbetrieb?
480;a0;0;5f;4;0;0;0;Absenkbetrieb?
180;a0;79;0c;0;a8;0;0;n/a
180;a0;79;0c;0;a8;0;0;n/a
480;a0;0;5f;4;0;0;0;Absenkbetrieb?
480;a0;0;5f;4;0;0;0;Absenkbetrieb?
180;a0;79;0c;0;a8;0;0;n/a
180;a0;79;0c;0;a8;0;0;n/a
480;a0;0;5f;4;0;0;0;Absenkbetrieb?
480;a0;0;5f;4;0;0;0;Absenkbetrieb?
480;a0;0;5f;4;0;0;0;Absenkbetrieb?
480;a0;0;5f;4;0;0;0;Absenkbetrieb?
480;a0;0;5f;4;0;0;0;Absenkbetrieb?
480;a0;0;5f;4;0;0;0;Absenkbetrieb?
480;a0;0;5f;4;0;0;0;Absenkbetrieb?
480;a0;0;5f;4;0;0;0;Absenkbetrieb?
480;a0;0;5f;4;0;0;0;Absenkbetrieb?
480;a0;0;5f;4;0;0;0;Absenkbetrieb?
480;a0;0;5f;4;0;0;0;Absenkbetrieb?
480;a0;0;5f;4;0;0;0;Absenkbetrieb?
480;a0;0;5f;4;0;0;0;Absenkbetrieb?
480;a0;0;5f;4;0;0;0;Absenkbetrieb?
480;a0;0;5f;4;0;0;0;Absenkbetrieb?
180;a0;79;0c;0;a8;0;0;n/a
180;a0;79;0c;0;a8;0;0;n/a
480;a0;0;5f;4;0;0;0;Absenkbetrieb?
480;a0;0;5f;4;0;0;0;Absenkbetrieb?
480;a0;0;5f;4;0;0;0;Absenkbetrieb?
480;a0;0;5f;4;0;0;0;Absenkbetrieb?
480;a0;0;5f;4;0;0;0;Absenkbetrieb?
180;a0;79;0c;0;a8;0;0;n/a
180;a0;79;0c;0;a8;0;0;n/a
480;a0;0;5f;4;0;0;0;Absenkbetrieb?
480;a0;0;5f;4;0;0;0;Absenkbetrieb?
480;a0;0;5f;4;0;0;0;Absenkbetrieb?
180;a0;79;0c;0;a8;0;0;n/a
480;a0;0;5f;4;0;0;0;Absenkbetrieb?
480;a0;0;5f;4;0;0;0;Absenkbetrieb?
480;a0;0;5f;4;0;0;0;Absenkbetrieb?
480;a0;0;5f;4;0;0;0;Absenkbetrieb?
180;a0;79;0c;0;a8;0;0;n/a
180;a0;79;0c;0;a8;0;0;n/a
480;a0;0;5f;4;0;0;0;Absenkbetrieb?
480;a0;0;5f;4;0;0;0;Absenkbetrieb?
480;a0;0;5f;4;0;0;0;Absenkbetrieb?
180;a0;79;0c;0;a8;0;0;n/a
180;a0;79;0c;0;a8;0;0;n/a
480;a0;0;5f;4;0;0;0;Absenkbetrieb?
480;a0;0;5f;4;0;0;0;Absenkbetrieb?
480;a0;0;5f;4;0;0;0;Absenkbetrieb?
480;a0;0;5f;4;0;0;0;Absenkbetrieb?
480;a0;0;5f;4;0;0;0;Absenkbetrieb?
480;a0;0;5f;4;0;0;0;Absenkbetrieb?
480;a0;0;5f;4;0;0;0;Absenkbetrieb?
180;a0;79;0c;0;a8;0;0;n/a
180;a0;79;0c;0;a8;0;0;n/a
480;a0;0;5f;4;0;0;0;Absenkbetrieb?
480;a0;0;5f;4;0;0;0;Absenkbetrieb?
180;a0;79;0c;0;a8;0;0;n/a
180;a0;79;0c;0;a8;0;0;n/a
480;a0;0;5f;4;0;0;0;Absenkbetrieb?
480;a0;0;5f;4;0;0;0;Absenkbetrieb?
480;a0;0;fa;5;df;0;0;TEMPORALE_LUEFTUNGSSTUFE_DAUER
180;e2;0;fa;6;73;80;0;TEST_OBJEKT_50
180;e2;0;fa;6;73;80;0;TEST_OBJEKT_50
180;e2;0;fa;6;73;80;0;TEST_OBJEKT_50
500;90;0;fa;6;39;0;0;MFR_HYSTERESE2_28
180;a0;79;0c;0;a8;0;0;n/a
180;a0;79;0c;0;a8;0;0;n/a
180;e2;0;fa;6;73;80;0;TEST_OBJEKT_50
180;e2;0;fa;6;73;80;0;TEST_OBJEKT_50
180;e2;0;fa;6;73;80;0;TEST_OBJEKT_50
180;a0;79;0c;0;a8;0;0;n/a
180;a0;79;0c;0;a8;0;0;n/a
180;e2;0;fa;6;73;80;0;TEST_OBJEKT_50
180;e2;0;fa;6;74;80;0;TEST_OBJEKT_51
180;e2;0;fa;6;73;80;0;TEST_OBJEKT_50
180;e2;0;fa;6;73;80;0;TEST_OBJEKT_50
180;e2;0;fa;6;73;80;0;TEST_OBJEKT_50
500;90;0;fa;6;39;0;0;MFR_HYSTERESE2_28
180;e2;0;fa;6;73;80;0;TEST_OBJEKT_50
180;e2;0;fa;6;73;80;0;TEST_OBJEKT_50
180;e2;0;fa;6;73;80;0;TEST_OBJEKT_50
500;92;0;fa;7;a8;0;8;VERDICHTER
480;a1;0;fa;7;a8;0;0;VERDICHTER
180;a0;79;fa;1;d7;0;d3;HILFSKESSELSOLL / RŸcklaufsoll?
180;a0;79;fa;1;d7;0;d3;HILFSKESSELSOLL / RŸcklaufsoll?
500;92;0;fa;7;a8;0;8;VERDICHTER
500;92;0;fa;7;a8;0;8;VERDICHTER
480;a1;0;fa;7;a8;0;0;VERDICHTER
180;a0;79;fa;1;d7;0;d3;HILFSKESSELSOLL / RŸcklaufsoll?
180;a0;79;fa;1;d7;0;d3;HILFSKESSELSOLL / RŸcklaufsoll?
500;92;0;fa;7;a8;0;8;VERDICHTER
480;a1;0;fa;7;a8;0;0;VERDICHTER
500;92;0;fa;7;a8;0;8;VERDICHTER
480;a1;0;fa;7;a8;0;0;VERDICHTER
500;92;0;fa;7;a8;0;8;VERDICHTER
480;a1;0;fa;7;a8;0;0;VERDICHTER
500;92;0;fa;7;a8;0;8;VERDICHTER
480;a1;0;fa;7;a8;0;0;VERDICHTER
500;92;0;fa;7;a8;0;8;VERDICHTER
480;a1;0;fa;7;a8;0;0;VERDICHTER
500;92;0;fa;7;a8;0;8;VERDICHTER
480;a1;0;fa;7;a8;0;0;VERDICHTER
180;a0;79;fa;1;d7;0;d3;HILFSKESSELSOLL / RŸcklaufsoll?
180;a0;79;fa;1;d7;0;d4;HILFSKESSELSOLL / RŸcklaufsoll?
500;92;0;fa;7;a8;0;8;VERDICHTER
500;92;0;fa;7;a8;0;8;VERDICHTER
180;a0;79;fa;1;d7;0;d4;HILFSKESSELSOLL / RŸcklaufsoll?
180;a0;79;fa;1;d7;0;d4;HILFSKESSELSOLL / RŸcklaufsoll?
480;a1;0;fa;7;a8;0;0;VERDICHTER
500;92;0;fa;7;a8;0;8;VERDICHTER
480;a1;0;fa;7;a8;0;0;VERDICHTER
500;92;0;fa;7;a8;0;8;VERDICHTER
480;a1;0;fa;7;a8;0;0;VERDICHTER
480;a1;0;fa;7;a8;0;0;VERDICHTER
500;92;0;fa;7;a8;0;8;VERDICHTER
480;a1;0;fa;7;a8;0;0;VERDICHTER
500;92;0;fa;7;a8;0;8;VERDICHTER
480;a1;0;fa;7;cb;0;0;PARAMETERSATZ
480;a1;0;fa;7;fc;0;0;LZ_VERD_1_HEIZBETRIEB
480;a1;0;fa;7;fe;0;0;LZ_VERD_1_2_HEIZBETRIEB
480;a1;0;fa;7;ff;0;0;LZ_VERD_1_KUEHLBETRIEB
500;92;0;fa;7;fe;0;0;LZ_VERD_1_2_HEIZBETRIEB
500;92;0;fa;7;ff;80;0;LZ_VERD_1_KUEHLBETRIEB
500;90;0;fa;7;9f;0;64;STUETZSTELLE_ND1
180;a0;79;fa;1;d7;0;d4;HILFSKESSELSOLL / RŸcklaufsoll?
180;a0;79;fa;1;d7;0;d4;HILFSKESSELSOLL / RŸcklaufsoll?
500;90;0;fa;7;a0;6;a4;STUETZSTELLE_ND2
500;90;0;fa;7;a1;0;64;STUETZSTELLE_HD1
500;90;0;fa;7;a2;0c;1c;STUETZSTELLE_HD2
500;90;0;fa;7;f2;0;0;BETRIEBSART_WP
180;a0;79;fa;1;d7;0;d4;HILFSKESSELSOLL / RŸcklaufsoll?
180;a0;79;fa;1;d7;0;d4;HILFSKESSELSOLL / RŸcklaufsoll?
480;a1;0;fa;7;a8;0;0;VERDICHTER
500;92;0;fa;7;a8;0;8;VERDICHTER
480;a1;0;fa;7;a8;0;0;VERDICHTER
500;92;0;fa;7;a8;0;8;VERDICHTER
480;a1;0;fa;7;a8;0;0;VERDICHTER
500;92;0;fa;7;a8;0;8;VERDICHTER
500;92;0;fa;7;a8;0;8;VERDICHTER
180;a0;79;fa;1;d7;0;d4;HILFSKESSELSOLL / RŸcklaufsoll?
180;a0;79;fa;1;d7;0;d4;HILFSKESSELSOLL / RŸcklaufsoll?
500;90;0;fa;7;a1;0;64;STUETZSTELLE_HD1
500;90;0;fa;7;f2;0;0;BETRIEBSART_WP
180;a0;79;fa;1;d7;0;d4;HILFSKESSELSOLL / RŸcklaufsoll?
180;a0;79;fa;1;d7;0;d4;HILFSKESSELSOLL / RŸcklaufsoll?
480;a1;0;fa;7;cb;0;0;PARAMETERSATZ
480;a1;0;fa;7;fc;0;0;LZ_VERD_1_HEIZBETRIEB
480;a1;0;fa;7;fe;0;0;LZ_VERD_1_2_HEIZBETRIEB
480;a1;0;fa;7;ff;0;0;LZ_VERD_1_KUEHLBETRIEB
500;92;0;fa;7;fc;80;0;LZ_VERD_1_HEIZBETRIEB
180;a0;79;fa;1;d7;0;d4;HILFSKESSELSOLL / RŸcklaufsoll?
180;a0;79;fa;1;d7;0;d4;HILFSKESSELSOLL / RŸcklaufsoll?
500;92;0;fa;7;fd;1e;cf;LZ_VERD_2_HEIZBETRIEB
500;92;0;fa;7;fe;0;0;LZ_VERD_1_2_HEIZBETRIEB
180;a0;79;fa;1;d7;0;d4;HILFSKESSELSOLL / RŸcklaufsoll?
180;a0;79;fa;1;d7;0;d4;HILFSKESSELSOLL / RŸcklaufsoll?
500;92;0;fa;7;ff;80;0;LZ_VERD_1_KUEHLBETRIEB
480;a1;0;fa;7;a8;0;0;VERDICHTER
500;92;0;fa;7;a8;0;8;VERDICHTER
500;92;0;fa;7;a8;0;8;VERDICHTER
480;a1;0;fa;7;a8;0;0;VERDICHTER
480;a1;0;fa;7;a8;0;0;VERDICHTER
500;92;0;fa;7;a8;0;8;VERDICHTER
180;a0;79;fa;1;d7;0;d4;HILFSKESSELSOLL / RŸcklaufsoll?
180;a0;79;fa;1;d7;0;d4;HILFSKESSELSOLL / RŸcklaufsoll?
480;a1;0;fa;7;a8;0;0;VERDICHTER
500;92;0;fa;7;a8;0;8;VERDICHTER
180;a0;79;fa;1;d7;0;d4;HILFSKESSELSOLL / RŸcklaufsoll?
180;a0;79;fa;1;d7;0;d4;HILFSKESSELSOLL / RŸcklaufsoll?
480;a1;0;fa;7;a8;0;0;VERDICHTER
500;92;0;fa;7;a8;0;8;VERDICHTER
500;92;0;fa;7;a8;0;8;VERDICHTER
480;a1;0;fa;7;a8;0;0;VERDICHTER
500;92;0;fa;7;a8;0;8;VERDICHTER
500;92;0;fa;7;a8;0;8;VERDICHTER
480;a1;0;fa;7;a8;0;0;VERDICHTER
500;92;0;fa;7;a8;0;8;VERDICHTER
480;a1;0;fa;7;a8;0;0;VERDICHTER
500;92;0;fa;7;a8;0;8;VERDICHTER
180;a0;79;fa;1;d7;0;d4;HILFSKESSELSOLL / RŸcklaufsoll?
180;a0;79;fa;1;d7;0;d3;HILFSKESSELSOLL / RŸcklaufsoll?
480;a1;0;fa;7;a8;0;0;VERDICHTER
500;92;0;fa;7;a8;0;8;VERDICHTER
180;a0;79;fa;1;d7;0;d3;HILFSKESSELSOLL / RŸcklaufsoll?
180;a0;79;fa;1;d7;0;d3;HILFSKESSELSOLL / RŸcklaufsoll?
480;a1;0;fa;7;a8;0;0;VERDICHTER
500;92;0;fa;7;a8;0;8;VERDICHTER
480;a1;0;fa;7;a8;0;0;VERDICHTER
500;92;0;fa;7;a8;0;8;VERDICHTER
480;a1;0;fa;7;a8;0;0;VERDICHTER
500;92;0;fa;7;a8;0;8;VERDICHTER
480;a1;0;fa;7;a8;0;0;VERDICHTER
500;92;0;fa;7;a8;0;8;VERDICHTER
480;a1;0;fa;7;a8;0;0;VERDICHTER
500;92;0;fa;7;a8;0;8;VERDICHTER
480;a1;0;fa;7;a8;0;0;VERDICHTER
500;92;0;fa;7;a8;0;8;VERDICHTER
180;a0;79;fa;1;d7;0;d3;HILFSKESSELSOLL / RŸcklaufsoll?
180;a0;79;fa;1;d7;0;d3;HILFSKESSELSOLL / RŸcklaufsoll?
480;a1;0;fa;7;a8;0;0;VERDICHTER
500;92;0;fa;7;a8;0;8;VERDICHTER
180;a0;79;fa;1;d7;0;d3;HILFSKESSELSOLL / RŸcklaufsoll?
180;a0;79;fa;1;d7;0;d3;HILFSKESSELSOLL / RŸcklaufsoll?
480;a1;0;fa;7;a8;0;0;VERDICHTER
500;92;0;fa;7;a8;0;8;VERDICHTER
480;a1;0;fa;7;a8;0;0;VERDICHTER
500;92;0;fa;7;a8;0;8;VERDICHTER
480;a1;0;fa;7;a8;0;0;VERDICHTER
500;92;0;fa;7;a8;0;8;VERDICHTER
480;a1;0;fa;7;a8;0;0;VERDICHTER
500;92;0;fa;7;a8;0;8;VERDICHTER
480;a1;0;fa;7;a8;0;0;VERDICHTER
480;a1;0;fa;7;a8;0;0;VERDICHTER
500;92;0;fa;7;a8;0;8;VERDICHTER
480;a1;0;fa;7;a8;0;0;VERDICHTER
500;92;0;fa;7;a8;0;8;VERDICHTER
480;a1;0;fa;7;a8;0;0;VERDICHTER
500;92;0;fa;7;a8;0;8;VERDICHTER
480;a1;0;fa;7;a8;0;0;VERDICHTER
180;a0;79;fa;1;d7;0;d3;HILFSKESSELSOLL / RŸcklaufsoll?
500;92;0;fa;7;a8;0;8;VERDICHTER
500;92;0;fa;7;a8;0;8;VERDICHTER
500;92;0;fa;7;a8;0;8;VERDICHTER
480;a1;0;fa;7;a8;0;0;VERDICHTER
480;a1;0;fa;7;a8;0;0;VERDICHTER
500;92;0;fa;7;a8;0;8;VERDICHTER
180;a0;79;fa;1;d7;0;d3;HILFSKESSELSOLL / RŸcklaufsoll?
180;a0;79;fa;1;d7;0;d3;HILFSKESSELSOLL / RŸcklaufsoll?
480;a1;0;fa;7;a8;0;0;VERDICHTER
500;92;0;fa;7;a8;0;8;VERDICHTER
480;a1;0;fa;7;a8;0;0;VERDICHTER
500;92;0;fa;7;a8;0;8;VERDICHTER
480;a1;0;fa;7;a8;0;0;VERDICHTER
180;a0;79;fa;1;d7;0;d4;HILFSKESSELSOLL / RŸcklaufsoll?
180;a0;79;fa;1;d7;0;d4;HILFSKESSELSOLL / RŸcklaufsoll?
500;92;0;fa;7;a8;0;8;VERDICHTER
480;a1;0;fa;7;cb;0;0;PARAMETERSATZ
180;a0;79;fa;1;d7;0;d3;HILFSKESSELSOLL / RŸcklaufsoll?
180;a0;79;fa;1;d7;0;d4;HILFSKESSELSOLL / RŸcklaufsoll?
480;a1;0;fa;7;fc;0;0;LZ_VERD_1_HEIZBETRIEB
480;a1;0;fa;7;fe;0;0;LZ_VERD_1_2_HEIZBETRIEB
480;a1;0;fa;7;ff;0;0;LZ_VERD_1_KUEHLBETRIEB
500;92;0;fa;7;ff;80;0;LZ_VERD_1_KUEHLBETRIEB
500;90;0;fa;7;9f;0;64;STUETZSTELLE_ND1
500;90;0;fa;7;a0;6;a4;STUETZSTELLE_ND2
180;a0;79;fa;1;d7;0;d4;HILFSKESSELSOLL / RŸcklaufsoll?
180;a0;79;fa;1;d7;0;d4;HILFSKESSELSOLL / RŸcklaufsoll?
500;90;0;fa;7;a1;0;64;STUETZSTELLE_HD1
500;90;0;fa;7;a2;0c;1c;STUETZSTELLE_HD2
180;a0;79;fa;1;d7;0;d3;HILFSKESSELSOLL / RŸcklaufsoll?
180;a0;79;fa;1;d7;0;d3;HILFSKESSELSOLL / RŸcklaufsoll?
500;90;0;fa;7;f2;0;0;BETRIEBSART_WP
480;a1;0;fa;7;a8;0;0;VERDICHTER
500;92;0;fa;7;a8;0;8;VERDICHTER
480;a1;0;fa;7;a8;0;0;VERDICHTER
500;92;0;fa;7;a8;0;8;VERDICHTER
480;a1;0;fa;7;a8;0;0;VERDICHTER
180;a0;79;fa;1;d7;0;d4;HILFSKESSELSOLL / RŸcklaufsoll?
180;a0;79;fa;1;d7;0;d4;HILFSKESSELSOLL / RŸcklaufsoll?
500;92;0;fa;7;a8;0;8;VERDICHTER
500;92;0;fa;7;a8;0;8;VERDICHTER
180;a0;79;fa;1;d7;0;d4;HILFSKESSELSOLL / RŸcklaufsoll?
180;a0;79;fa;1;d7;0;d4;HILFSKESSELSOLL / RŸcklaufsoll?
500;90;0;fa;7;a1;0;64;STUETZSTELLE_HD1
500;90;0;fa;7;a2;0c;1c;STUETZSTELLE_HD2
480;a1;0;fa;7;fd;0;0;LZ_VERD_2_HEIZBETRIEB
500;92;0;fa;7;cb;0;c;PARAMETERSATZ
500;92;0;fa;7;fc;80;0;LZ_VERD_1_HEIZBETRIEB
500;92;0;fa;7;fd;1e;cf;LZ_VERD_2_HEIZBETRIEB
500;92;0;fa;7;fe;0;0;LZ_VERD_1_2_HEIZBETRIEB
500;92;0;fa;7;ff;80;0;LZ_VERD_1_KUEHLBETRIEB
480;a1;0;fa;7;a8;0;0;VERDICHTER
180;a0;79;fa;1;d7;0;d4;HILFSKESSELSOLL / RŸcklaufsoll?
180;a0;79;fa;1;d7;0;d4;HILFSKESSELSOLL / RŸcklaufsoll?
500;92;0;fa;7;a8;0;8;VERDICHTER
480;a1;0;fa;7;a8;0;0;VERDICHTER
180;a0;79;fa;1;d7;0;d4;HILFSKESSELSOLL / RŸcklaufsoll?
180;a0;79;fa;1;d7;0;d4;HILFSKESSELSOLL / RŸcklaufsoll?
500;92;0;fa;7;a8;0;8;VERDICHTER
480;a1;0;fa;7;a8;0;0;VERDICHTER
500;92;0;fa;7;a8;0;8;VERDICHTER
480;a1;0;fa;7;a8;0;0;VERDICHTER
500;92;0;fa;7;a8;0;8;VERDICHTER
500;92;0;fa;7;a8;0;8;VERDICHTER
480;a1;0;fa;7;a8;0;0;VERDICHTER
500;92;0;fa;7;a8;0;8;VERDICHTER
500;92;0;fa;7;a8;0;8;VERDICHTER
500;92;0;fa;7;a8;0;8;VERDICHTER
480;a1;0;fa;7;a8;0;0;VERDICHTER
500;92;0;fa;7;a8;0;8;VERDICHTER
180;a0;79;fa;1;d7;0;d4;HILFSKESSELSOLL / RŸcklaufsoll?
180;a0;79;fa;1;d7;0;d4;HILFSKESSELSOLL / RŸcklaufsoll?
480;a1;0;fa;7;a8;0;0;VERDICHTER
500;92;0;fa;7;a8;0;8;VERDICHTER
180;a0;79;fa;1;d7;0;d3;HILFSKESSELSOLL / RŸcklaufsoll?
180;a0;79;fa;1;d7;0;d3;HILFSKESSELSOLL / RŸcklaufsoll?
480;a1;0;fa;7;a8;0;0;VERDICHTER
500;92;0;fa;7;a8;0;8;VERDICHTER
480;a1;0;fa;8;3;0;0;LZ_VERD_2_WW_BETRIEB
480;a1;0;fa;8;1;0;0;LZ_VERD_1_2_KUEHLBETRIEB
500;92;0;fa;8;2;80;0;LZ_VERD_1_WW_BETRIEB
500;92;0;fa;8;3;0d;6b;LZ_VERD_2_WW_BETRIEB
500;92;0;fa;8;4;0;0;LZ_VERD_1_2_WW_BETRIEB
500;92;0;fa;8;0;80;0;LZ_VERD_2_KUEHLBETRIEB
500;92;0;fa;8;1;0;0;LZ_VERD_1_2_KUEHLBETRIEB
500;90;0;fa;8;0e;0;0;FATAL_ERROR
500;90;0;fa;8;28;0;0;FEHLER_PARAMETERSATZ_IWS
480;a1;0;fa;8;3;0;0;LZ_VERD_2_WW_BETRIEB
480;a1;0;fa;8;1;0;0;LZ_VERD_1_2_KUEHLBETRIEB
480;a0;0;fa;8;1d;0;0;LAUFZEIT_VERD_BEI_SPEICHERBEDARF
500;92;0;fa;8;2;80;0;LZ_VERD_1_WW_BETRIEB
500;92;0;fa;8;3;0d;6b;LZ_VERD_2_WW_BETRIEB
180;a0;79;fa;1;d7;0;d4;HILFSKESSELSOLL / RŸcklaufsoll?
180;a0;79;fa;1;d7;0;d4;HILFSKESSELSOLL / RŸcklaufsoll?
500;92;0;fa;8;4;0;0;LZ_VERD_1_2_WW_BETRIEB
500;92;0;fa;8;0;80;0;LZ_VERD_2_KUEHLBETRIEB
500;92;0;fa;8;1;0;0;LZ_VERD_1_2_KUEHLBETRIEB
480;a1;0;fa;8;3;0;0;LZ_VERD_2_WW_BETRIEB
180;a0;79;fa;1;d7;0;d4;HILFSKESSELSOLL / RŸcklaufsoll?
180;a0;79;fa;1;d7;0;d4;HILFSKESSELSOLL / RŸcklaufsoll?
480;a1;0;fa;8;1;0;0;LZ_VERD_1_2_KUEHLBETRIEB
480;a0;0;fa;8;1d;0;0;LAUFZEIT_VERD_BEI_SPEICHERBEDARF
500;92;0;fa;8;2;80;0;LZ_VERD_1_WW_BETRIEB
180;a0;79;fa;1;d7;0;d3;HILFSKESSELSOLL / RŸcklaufsoll?
500;92;0;fa;8;3;0d;6b;LZ_VERD_2_WW_BETRIEB
500;92;0;fa;8;4;0;0;LZ_VERD_1_2_WW_BETRIEB
500;92;0;fa;8;0;80;0;LZ_VERD_2_KUEHLBETRIEB
500;92;0;fa;8;1;0;0;LZ_VERD_1_2_KUEHLBETRIEB
180;a0;79;fa;1;d7;0;d3;HILFSKESSELSOLL / RŸcklaufsoll?
180;a0;79;fa;1;d7;0;d3;HILFSKESSELSOLL / RŸcklaufsoll?
500;90;0;fa;8;0e;0;0;FATAL_ERROR
500;90;0;fa;8;28;0;0;FEHLER_PARAMETERSATZ_IWS
180;a0;79;fa;1;d7;0;d4;HILFSKESSELSOLL / RŸcklaufsoll?
180;a0;79;fa;1;d7;0;d3;HILFSKESSELSOLL / RŸcklaufsoll?
500;90;0;fa;8;0e;0;0;FATAL_ERROR
480;a1;0;fa;8;4;0;0;LZ_VERD_1_2_WW_BETRIEB
480;a1;0;fa;8;0;0;0;<REQUEST>
500;90;0;fa;8;28;0;0;FEHLER_PARAMETERSATZ_IWS
500;92;0;fa;8;2;80;0;LZ_VERD_1_WW_BETRIEB
500;92;0;fa;8;3;0d;6b;LZ_VERD_2_WW_BETRIEB
500;92;0;fa;8;4;0;0;LZ_VERD_1_2_WW_BETRIEB
180;a0;79;fa;1;d7;0;d4;HILFSKESSELSOLL / RŸcklaufsoll?
180;a0;79;fa;1;d7;0;d4;HILFSKESSELSOLL / RŸcklaufsoll?
500;92;0;fa;8;0;80;0;LZ_VERD_2_KUEHLBETRIEB
500;92;0;fa;8;1;0;0;LZ_VERD_1_2_KUEHLBETRIEB
180;a0;79;fa;1;d7;0;d4;HILFSKESSELSOLL / RŸcklaufsoll?
180;a0;79;fa;1;d7;0;d4;HILFSKESSELSOLL / RŸcklaufsoll?
180;a0;79;fa;1;d7;0;d4;HILFSKESSELSOLL / RŸcklaufsoll?
180;a0;79;fa;1;d7;0;d4;HILFSKESSELSOLL / RŸcklaufsoll?
180;a0;79;fa;1;d7;0;d3;HILFSKESSELSOLL / RŸcklaufsoll?
180;a0;79;fa;1;d7;0;d3;HILFSKESSELSOLL / RŸcklaufsoll?
180;a0;79;fa;1;d7;0;d3;HILFSKESSELSOLL / RŸcklaufsoll?
180;a0;79;fa;1;d7;0;d4;HILFSKESSELSOLL / RŸcklaufsoll?
180;a0;79;fa;1;d7;0;d4;HILFSKESSELSOLL / RŸcklaufsoll?
500;e2;0;fa;9;1c;2;57;EL_AUFNAHMELEISTUNG_WW_SUM_KWH
500;e2;0;fa;9;1d;0;0a;EL_AUFNAHMELEISTUNG_WW_SUM_MWH
180;e2;0;fa;9;24;80;0;WAERMEERTRAG_2WE_WW_SUM_KWH
180;e2;0;fa;9;25;80;0;WAERMEERTRAG_2WE_WW_SUM_MWH
180;e2;0;fa;9;2c;80;0;WAERMEERTRAG_WW_SUM_KWH
180;e2;0;fa;9;2d;80;0;WAERMEERTRAG_WW_SUM_MWH
180;e2;0;fa;9;28;80;0;WAERMEERTRAG_2WE_HEIZ_SUM_KWH
180;e2;0;fa;9;29;80;0;WAERMEERTRAG_2WE_HEIZ_SUM_MWH
180;e2;0;fa;9;30;80;0;WAERMEERTRAG_HEIZ_SUM_KWH
180;e2;0;fa;9;31;80;0;WAERMEERTRAG_HEIZ_SUM_MWH
180;e2;0;fa;9;2c;80;0;WAERMEERTRAG_WW_SUM_KWH
180;e2;0;fa;9;2d;80;0;WAERMEERTRAG_WW_SUM_MWH
180;e2;0;fa;9;2d;80;0;WAERMEERTRAG_WW_SUM_MWH
500;e2;0;fa;9;20;2;8e;EL_AUFNAHMELEISTUNG_HEIZ_SUM_KWH
500;e2;0;fa;9;21;0;11;EL_AUFNAHMELEISTUNG_HEIZ_SUM_MWH
180;a0;79;fa;1;d7;0;d4;HILFSKESSELSOLL / RŸcklaufsoll?
500;e2;0;fa;9;20;2;8e;EL_AUFNAHMELEISTUNG_HEIZ_SUM_KWH
180;e2;0;fa;9;28;80;0;WAERMEERTRAG_2WE_HEIZ_SUM_KWH
180;e2;0;fa;9;29;80;0;WAERMEERTRAG_2WE_HEIZ_SUM_MWH
180;e2;0;fa;9;30;80;0;WAERMEERTRAG_HEIZ_SUM_KWH
500;e2;0;fa;9;1c;2;57;EL_AUFNAHMELEISTUNG_WW_SUM_KWH
500;e2;0;fa;9;1d;0;0a;EL_AUFNAHMELEISTUNG_WW_SUM_MWH
180;e2;0;fa;9;24;80;0;WAERMEERTRAG_2WE_WW_SUM_KWH
180;e2;0;fa;9;25;80;0;WAERMEERTRAG_2WE_WW_SUM_MWH
180;e2;0;fa;9;2c;80;0;WAERMEERTRAG_WW_SUM_KWH
180;e2;0;fa;9;2d;80;0;WAERMEERTRAG_WW_SUM_MWH
180;e2;0;fa;9;28;80;0;WAERMEERTRAG_2WE_HEIZ_SUM_KWH
180;e2;0;fa;9;29;80;0;WAERMEERTRAG_2WE_HEIZ_SUM_MWH
180;e2;0;fa;9;30;80;0;WAERMEERTRAG_HEIZ_SUM_KWH
180;e2;0;fa;9;31;80;0;WAERMEERTRAG_HEIZ_SUM_MWH
180;e2;0;fa;9;2c;80;0;WAERMEERTRAG_WW_SUM_KWH
180;e2;0;fa;9;2d;80;0;WAERMEERTRAG_WW_SUM_MWH
180;e2;0;fa;9;2d;80;0;WAERMEERTRAG_WW_SUM_MWH
500;e2;0;fa;9;20;2;8e;EL_AUFNAHMELEISTUNG_HEIZ_SUM_KWH
500;e2;0;fa;9;21;0;11;EL_AUFNAHMELEISTUNG_HEIZ_SUM_MWH
500;e2;0;fa;9;20;2;8e;EL_AUFNAHMELEISTUNG_HEIZ_SUM_KWH
180;e2;0;fa;9;29;80;0;WAERMEERTRAG_2WE_HEIZ_SUM_MWH
500;e2;0;fa;9;21;0;11;EL_AUFNAHMELEISTUNG_HEIZ_SUM_MWH
180;a0;79;fa;1;d7;0;d4;HILFSKESSELSOLL / RŸcklaufsoll?
180;a0;79;fa;1;d7;0;d4;HILFSKESSELSOLL / RŸcklaufsoll?
500;e2;0;fa;9;1c;2;57;EL_AUFNAHMELEISTUNG_WW_SUM_KWH
500;e2;0;fa;9;1d;0;0a;EL_AUFNAHMELEISTUNG_WW_SUM_MWH
180;e2;0;fa;9;24;80;0;WAERMEERTRAG_2WE_WW_SUM_KWH
180;e2;0;fa;9;25;80;0;WAERMEERTRAG_2WE_WW_SUM_MWH
180;e2;0;fa;9;2c;80;0;WAERMEERTRAG_WW_SUM_KWH
180;e2;0;fa;9;2d;80;0;WAERMEERTRAG_WW_SUM_MWH
180;e2;0;fa;9;28;80;0;WAERMEERTRAG_2WE_HEIZ_SUM_KWH
180;e2;0;fa;9;29;80;0;WAERMEERTRAG_2WE_HEIZ_SUM_MWH
180;e2;0;fa;9;30;80;0;WAERMEERTRAG_HEIZ_SUM_KWH
180;a0;79;fa;1;d7;0;d3;HILFSKESSELSOLL / RŸcklaufsoll?
180;a0;79;fa;1;d7;0;d3;HILFSKESSELSOLL / RŸcklaufsoll?
180;e2;0;fa;9;31;80;0;WAERMEERTRAG_HEIZ_SUM_MWH
180;e2;0;fa;9;2c;80;0;WAERMEERTRAG_WW_SUM_KWH
180;e2;0;fa;9;2c;80;0;WAERMEERTRAG_WW_SUM_KWH
180;a0;79;fa;1;d7;0;d3;HILFSKESSELSOLL / RŸcklaufsoll?
180;a0;79;fa;1;d7;0;d4;HILFSKESSELSOLL / RŸcklaufsoll?
180;e2;0;fa;9;2d;80;0;WAERMEERTRAG_WW_SUM_MWH
180;e2;0;fa;9;2d;80;0;WAERMEERTRAG_WW_SUM_MWH
500;e2;0;fa;9;20;2;8e;EL_AUFNAHMELEISTUNG_HEIZ_SUM_KWH
500;e2;0;fa;9;21;0;11;EL_AUFNAHMELEISTUNG_HEIZ_SUM_MWH
500;e2;0;fa;9;20;2;8e;EL_AUFNAHMELEISTUNG_HEIZ_SUM_KWH
180;e2;0;fa;9;29;80;0;WAERMEERTRAG_2WE_HEIZ_SUM_MWH
500;e2;0;fa;9;21;0;11;EL_AUFNAHMELEISTUNG_HEIZ_SUM_MWH
500;e2;0;fa;9;1c;2;57;EL_AUFNAHMELEISTUNG_WW_SUM_KWH
500;e2;0;fa;9;1d;0;0a;EL_AUFNAHMELEISTUNG_WW_SUM_MWH
180;e2;0;fa;9;24;80;0;WAERMEERTRAG_2WE_WW_SUM_KWH
180;e2;0;fa;9;25;80;0;WAERMEERTRAG_2WE_WW_SUM_MWH
180;a0;79;fa;1;d7;0;d4;HILFSKESSELSOLL / RŸcklaufsoll?
180;a0;79;fa;1;d7;0;d4;HILFSKESSELSOLL / RŸcklaufsoll?
180;e2;0;fa;9;2c;80;0;WAERMEERTRAG_WW_SUM_KWH
180;e2;0;fa;9;2d;80;0;WAERMEERTRAG_WW_SUM_MWH
180;e2;0;fa;9;28;80;0;WAERMEERTRAG_2WE_HEIZ_SUM_KWH
180;a0;79;fa;1;d7;0;d4;HILFSKESSELSOLL / RŸcklaufsoll?
180;a0;79;fa;1;d7;0;d4;HILFSKESSELSOLL / RŸcklaufsoll?
180;e2;0;fa;9;29;80;0;WAERMEERTRAG_2WE_HEIZ_SUM_MWH
180;e2;0;fa;9;30;80;0;WAERMEERTRAG_HEIZ_SUM_KWH
180;e2;0;fa;9;31;80;0;WAERMEERTRAG_HEIZ_SUM_MWH
180;e2;0;fa;9;2c;80;0;WAERMEERTRAG_WW_SUM_KWH
180;e2;0;fa;9;2d;80;0;WAERMEERTRAG_WW_SUM_MWH
180;e2;0;fa;9;2d;80;0;WAERMEERTRAG_WW_SUM_MWH
500;e2;0;fa;9;20;2;8e;EL_AUFNAHMELEISTUNG_HEIZ_SUM_KWH
500;e2;0;fa;9;21;0;11;EL_AUFNAHMELEISTUNG_HEIZ_SUM_MWH
500;e2;0;fa;9;20;2;8e;EL_AUFNAHMELEISTUNG_HEIZ_SUM_KWH
180;e2;0;fa;9;29;80;0;WAERMEERTRAG_2WE_HEIZ_SUM_MWH
500;e2;0;fa;9;21;0;11;EL_AUFNAHMELEISTUNG_HEIZ_SUM_MWH
500;e2;0;fa;9;1c;2;57;EL_AUFNAHMELEISTUNG_WW_SUM_KWH
500;e2;0;fa;9;1d;0;0a;EL_AUFNAHMELEISTUNG_WW_SUM_MWH
180;e2;0;fa;9;24;80;0;WAERMEERTRAG_2WE_WW_SUM_KWH
180;e2;0;fa;9;25;80;0;WAERMEERTRAG_2WE_WW_SUM_MWH
180;a0;79;fa;1;d7;0;d4;HILFSKESSELSOLL / RŸcklaufsoll?
180;a0;79;fa;1;d7;0;d4;HILFSKESSELSOLL / RŸcklaufsoll?
180;e2;0;fa;9;2c;80;0;WAERMEERTRAG_WW_SUM_KWH
180;e2;0;fa;9;2d;80;0;WAERMEERTRAG_WW_SUM_MWH
180;e2;0;fa;9;28;80;0;WAERMEERTRAG_2WE_HEIZ_SUM_KWH
180;e2;0;fa;9;29;80;0;WAERMEERTRAG_2WE_HEIZ_SUM_MWH
180;e2;0;fa;9;30;80;0;WAERMEERTRAG_HEIZ_SUM_KWH
180;e2;0;fa;9;31;80;0;WAERMEERTRAG_HEIZ_SUM_MWH
180;a0;79;fa;1;d7;0;d4;HILFSKESSELSOLL / RŸcklaufsoll?
180;a0;79;fa;1;d7;0;d4;HILFSKESSELSOLL / RŸcklaufsoll?
180;e2;0;fa;9;2c;80;0;WAERMEERTRAG_WW_SUM_KWH
180;e2;0;fa;9;2d;80;0;WAERMEERTRAG_WW_SUM_MWH
180;a0;79;fa;1;d7;0;d4;HILFSKESSELSOLL / RŸcklaufsoll?
180;e2;0;fa;9;2d;80;0;WAERMEERTRAG_WW_SUM_MWH
500;e2;0;fa;9;20;2;8e;EL_AUFNAHMELEISTUNG_HEIZ_SUM_KWH
500;e2;0;fa;9;21;0;11;EL_AUFNAHMELEISTUNG_HEIZ_SUM_MWH
500;e2;0;fa;9;20;2;8e;EL_AUFNAHMELEISTUNG_HEIZ_SUM_KWH
180;a0;79;fa;1;d7;0;d4;HILFSKESSELSOLL / RŸcklaufsoll?
180;e2;0;fa;9;29;80;0;WAERMEERTRAG_2WE_HEIZ_SUM_MWH
180;e2;0;fa;9;30;80;0;WAERMEERTRAG_HEIZ_SUM_KWH
500;e2;0;fa;9;1c;2;57;EL_AUFNAHMELEISTUNG_WW_SUM_KWH
180;a0;79;fa;1;d7;0;d4;HILFSKESSELSOLL / RŸcklaufsoll?
180;a0;79;fa;1;d7;0;d4;HILFSKESSELSOLL / RŸcklaufsoll?
180;a0;79;fa;1;d7;0;d3;HILFSKESSELSOLL / RŸcklaufsoll?
180;a0;79;fa;1;d7;0;d3;HILFSKESSELSOLL / RŸcklaufsoll?
180;a0;79;fa;1;d7;0;d3;HILFSKESSELSOLL / RŸcklaufsoll?
180;a0;79;fa;1;d7;0;d3;HILFSKESSELSOLL / RŸcklaufsoll?
180;a0;79;fa;1;d7;0;d4;HILFSKESSELSOLL / RŸcklaufsoll?
180;a0;79;fa;1;d7;0;d4;HILFSKESSELSOLL / RŸcklaufsoll?
500;e2;0;fa;9;1d;0;0a;EL_AUFNAHMELEISTUNG_WW_SUM_MWH
180;e2;0;fa;9;24;80;0;WAERMEERTRAG_2WE_WW_SUM_KWH
180;e2;0;fa;9;25;80;0;WAERMEERTRAG_2WE_WW_SUM_MWH
180;e2;0;fa;9;2c;80;0;WAERMEERTRAG_WW_SUM_KWH
180;e2;0;fa;9;2d;80;0;WAERMEERTRAG_WW_SUM_MWH
180;e2;0;fa;9;28;80;0;WAERMEERTRAG_2WE_HEIZ_SUM_KWH
180;e2;0;fa;9;29;80;0;WAERMEERTRAG_2WE_HEIZ_SUM_MWH
180;e2;0;fa;9;30;80;0;WAERMEERTRAG_HEIZ_SUM_KWH
180;e2;0;fa;9;31;80;0;WAERMEERTRAG_HEIZ_SUM_MWH
180;e2;0;fa;9;2c;80;0;WAERMEERTRAG_WW_SUM_KWH
180;e2;0;fa;9;2d;80;0;WAERMEERTRAG_WW_SUM_MWH
180;e2;0;fa;9;2d;80;0;WAERMEERTRAG_WW_SUM_MWH
500;e2;0;fa;9;20;2;8e;EL_AUFNAHMELEISTUNG_HEIZ_SUM_KWH
500;e2;0;fa;9;21;0;11;EL_AUFNAHMELEISTUNG_HEIZ_SUM_MWH
180;a0;79;fa;1;d7;0;d4;HILFSKESSELSOLL / RŸcklaufsoll?
500;e2;0;fa;9;20;2;8e;EL_AUFNAHMELEISTUNG_HEIZ_SUM_KWH
180;e2;0;fa;9;29;80;0;WAERMEERTRAG_2WE_HEIZ_SUM_MWH
500;e2;0;fa;9;21;0;11;EL_AUFNAHMELEISTUNG_HEIZ_SUM_MWH
500;e2;0;fa;9;1c;2;57;EL_AUFNAHMELEISTUNG_WW_SUM_KWH
500;e2;0;fa;9;1d;0;0a;EL_AUFNAHMELEISTUNG_WW_SUM_MWH
180;e2;0;fa;9;24;80;0;WAERMEERTRAG_2WE_WW_SUM_KWH
180;e2;0;fa;9;25;80;0;WAERMEERTRAG_2WE_WW_SUM_MWH
180;e2;0;fa;9;2c;80;0;WAERMEERTRAG_WW_SUM_KWH
180;e2;0;fa;9;2d;80;0;WAERMEERTRAG_WW_SUM_MWH
180;e2;0;fa;9;28;80;0;WAERMEERTRAG_2WE_HEIZ_SUM_KWH
180;e2;0;fa;9;29;80;0;WAERMEERTRAG_2WE_HEIZ_SUM_MWH
180;e2;0;fa;9;30;80;0;WAERMEERTRAG_HEIZ_SUM_KWH
180;e2;0;fa;9;31;80;0;WAERMEERTRAG_HEIZ_SUM_MWH
180;e2;0;fa;9;2c;80;0;WAERMEERTRAG_WW_SUM_KWH
180;a0;79;fa;1;d7;0;d4;HILFSKESSELSOLL / RŸcklaufsoll?
180;a0;79;fa;1;d7;0;d4;HILFSKESSELSOLL / RŸcklaufsoll?
180;e2;0;fa;9;2d;80;0;WAERMEERTRAG_WW_SUM_MWH
180;e2;0;fa;9;2d;80;0;WAERMEERTRAG_WW_SUM_MWH
180;a0;79;fa;1;d7;0;d4;HILFSKESSELSOLL / RŸcklaufsoll?
180;a0;79;fa;1;d7;0;d4;HILFSKESSELSOLL / RŸcklaufsoll?
500;e2;0;fa;9;20;2;8e;EL_AUFNAHMELEISTUNG_HEIZ_SUM_KWH
500;e2;0;fa;9;21;0;11;EL_AUFNAHMELEISTUNG_HEIZ_SUM_MWH
500;e2;0;fa;9;20;2;8e;EL_AUFNAHMELEISTUNG_HEIZ_SUM_KWH
180;e2;0;fa;9;28;80;0;WAERMEERTRAG_2WE_HEIZ_SUM_KWH
180;e2;0;fa;9;29;80;0;WAERMEERTRAG_2WE_HEIZ_SUM_MWH
500;e2;0;fa;9;21;0;11;EL_AUFNAHMELEISTUNG_HEIZ_SUM_MWH
500;e2;0;fa;9;1c;2;57;EL_AUFNAHMELEISTUNG_WW_SUM_KWH
180;a0;79;fa;1;d7;0;d4;HILFSKESSELSOLL / RŸcklaufsoll?
180;a0;79;fa;1;d7;0;d4;HILFSKESSELSOLL / RŸcklaufsoll?
500;e2;0;fa;9;1d;0;0a;EL_AUFNAHMELEISTUNG_WW_SUM_MWH
180;e2;0;fa;9;24;80;0;WAERMEERTRAG_2WE_WW_SUM_KWH
180;a0;79;fa;1;d7;0;d4;HILFSKESSELSOLL / RŸcklaufsoll?
180;a0;79;fa;1;d7;0;d4;HILFSKESSELSOLL / RŸcklaufsoll?
180;e2;0;fa;9;25;80;0;WAERMEERTRAG_2WE_WW_SUM_MWH
180;e2;0;fa;9;2c;80;0;WAERMEERTRAG_WW_SUM_KWH
180;e2;0;fa;9;2d;80;0;WAERMEERTRAG_WW_SUM_MWH
180;e2;0;fa;9;28;80;0;WAERMEERTRAG_2WE_HEIZ_SUM_KWH
180;e2;0;fa;9;29;80;0;WAERMEERTRAG_2WE_HEIZ_SUM_MWH
180;e2;0;fa;9;30;80;0;WAERMEERTRAG_HEIZ_SUM_KWH
180;e2;0;fa;9;31;80;0;WAERMEERTRAG_HEIZ_SUM_MWH
180;e2;0;fa;9;2c;80;0;WAERMEERTRAG_WW_SUM_KWH
180;e2;0;fa;9;2d;80;0;WAERMEERTRAG_WW_SUM_MWH
180;e2;0;fa;9;2d;80;0;WAERMEERTRAG_WW_SUM_MWH
500;e2;0;fa;9;20;2;8e;EL_AUFNAHMELEISTUNG_HEIZ_SUM_KWH
180;a0;79;fa;1;d7;0;d4;HILFSKESSELSOLL / RŸcklaufsoll?
180;a0;79;fa;1;d7;0;d4;HILFSKESSELSOLL / RŸcklaufsoll?
500;e2;0;fa;9;21;0;11;EL_AUFNAHMELEISTUNG_HEIZ_SUM_MWH
500;e2;0;fa;9;20;2;8e;EL_AUFNAHMELEISTUNG_HEIZ_SUM_KWH
180;a0;79;fa;1;d7;0;d3;HILFSKESSELSOLL / RŸcklaufsoll?
180;a0;79;fa;1;d7;0;d4;HILFSKESSELSOLL / RŸcklaufsoll?
180;e2;0;fa;9;29;80;0;WAERMEERTRAG_2WE_HEIZ_SUM_MWH
500;e2;0;fa;9;21;0;11;EL_AUFNAHMELEISTUNG_HEIZ_SUM_MWH
500;e2;0;fa;9;1c;2;57;EL_AUFNAHMELEISTUNG_WW_SUM_KWH
500;e2;0;fa;9;1d;0;0a;EL_AUFNAHMELEISTUNG_WW_SUM_MWH
180;e2;0;fa;9;24;80;0;WAERMEERTRAG_2WE_WW_SUM_KWH
180;e2;0;fa;9;25;80;0;WAERMEERTRAG_2WE_WW_SUM_MWH
180;e2;0;fa;9;2c;80;0;WAERMEERTRAG_WW_SUM_KWH
180;e2;0;fa;9;2d;80;0;WAERMEERTRAG_WW_SUM_MWH
180;e2;0;fa;9;28;80;0;WAERMEERTRAG_2WE_HEIZ_SUM_KWH
180;e2;0;fa;9;29;80;0;WAERMEERTRAG_2WE_HEIZ_SUM_MWH
180;e2;0;fa;9;30;80;0;WAERMEERTRAG_HEIZ_SUM_KWH
180;e2;0;fa;9;31;80;0;WAERMEERTRAG_HEIZ_SUM_MWH
180;a0;79;fa;1;d7;0;d4;HILFSKESSELSOLL / RŸcklaufsoll?
180;a0;79;fa;1;d7;0;d4;HILFSKESSELSOLL / RŸcklaufsoll?
180;e2;0;fa;9;2c;80;0;WAERMEERTRAG_WW_SUM_KWH
180;e2;0;fa;9;2c;80;0;WAERMEERTRAG_WW_SUM_KWH
180;a0;79;fa;1;d7;0;d4;HILFSKESSELSOLL / RŸcklaufsoll?
180;a0;79;fa;1;d7;0;d4;HILFSKESSELSOLL / RŸcklaufsoll?
180;e2;0;fa;9;2d;80;0;WAERMEERTRAG_WW_SUM_MWH
180;e2;0;fa;9;2d;80;0;WAERMEERTRAG_WW_SUM_MWH
500;e2;0;fa;9;20;2;8e;EL_AUFNAHMELEISTUNG_HEIZ_SUM_KWH
500;e2;0;fa;9;21;0;11;EL_AUFNAHMELEISTUNG_HEIZ_SUM_MWH
500;e2;0;fa;9;20;2;8e;EL_AUFNAHMELEISTUNG_HEIZ_SUM_KWH
180;e2;0;fa;9;29;80;0;WAERMEERTRAG_2WE_HEIZ_SUM_MWH
500;e2;0;fa;9;21;0;11;EL_AUFNAHMELEISTUNG_HEIZ_SUM_MWH
500;e2;0;fa;9;1c;2;57;EL_AUFNAHMELEISTUNG_WW_SUM_KWH
500;e2;0;fa;9;1d;0;0a;EL_AUFNAHMELEISTUNG_WW_SUM_MWH
180;e2;0;fa;9;24;80;0;WAERMEERTRAG_2WE_WW_SUM_KWH
180;e2;0;fa;9;25;80;0;WAERMEERTRAG_2WE_WW_SUM_MWH
180;e2;0;fa;9;2c;80;0;WAERMEERTRAG_WW_SUM_KWH
180;e2;0;fa;9;2d;80;0;WAERMEERTRAG_WW_SUM_MWH
180;e2;0;fa;9;28;80;0;WAERMEERTRAG_2WE_HEIZ_SUM_KWH
180;e2;0;fa;9;29;80;0;WAERMEERTRAG_2WE_HEIZ_SUM_MWH
180;a0;79;fa;1;d7;0;d4;HILFSKESSELSOLL / RŸcklaufsoll?
180;e2;0;fa;9;30;80;0;WAERMEERTRAG_HEIZ_SUM_KWH
180;e2;0;fa;9;31;80;0;WAERMEERTRAG_HEIZ_SUM_MWH
180;e2;0;fa;9;2c;80;0;WAERMEERTRAG_WW_SUM_KWH
180;e2;0;fa;9;2d;80;0;WAERMEERTRAG_WW_SUM_MWH
180;e2;0;fa;9;2d;80;0;WAERMEERTRAG_WW_SUM_MWH
180;a0;79;fa;1;d7;0;d4;HILFSKESSELSOLL / RŸcklaufsoll?
180;a0;79;fa;1;d7;0;d4;HILFSKESSELSOLL / RŸcklaufsoll?
500;e2;0;fa;9;20;2;8e;EL_AUFNAHMELEISTUNG_HEIZ_SUM_KWH
500;e2;0;fa;9;21;0;11;EL_AUFNAHMELEISTUNG_HEIZ_SUM_MWH
500;e2;0;fa;9;20;2;8e;EL_AUFNAHMELEISTUNG_HEIZ_SUM_KWH
180;a0;79;fa;1;d7;0;d4;HILFSKESSELSOLL / RŸcklaufsoll?
180;e2;0;fa;9;29;80;0;WAERMEERTRAG_2WE_HEIZ_SUM_MWH
180;e2;0;fa;9;30;80;0;WAERMEERTRAG_HEIZ_SUM_KWH
500;e2;0;fa;9;1c;2;57;EL_AUFNAHMELEISTUNG_WW_SUM_KWH
500;e2;0;fa;9;1d;0;0a;EL_AUFNAHMELEISTUNG_WW_SUM_MWH
180;a0;79;fa;1;d7;0;d4;HILFSKESSELSOLL / RŸcklaufsoll?
180;a0;79;fa;1;d7;0;d4;HILFSKESSELSOLL / RŸcklaufsoll?
180;e2;0;fa;9;24;80;0;WAERMEERTRAG_2WE_WW_SUM_KWH
180;e2;0;fa;9;25;80;0;WAERMEERTRAG_2WE_WW_SUM_MWH
180;a0;79;fa;1;d7;0;d4;HILFSKESSELSOLL / RŸcklaufsoll?
180;a0;79;fa;1;d7;0;d4;HILFSKESSELSOLL / RŸcklaufsoll?
180;e2;0;fa;9;2c;80;0;WAERMEERTRAG_WW_SUM_KWH
180;e2;0;fa;9;2d;80;0;WAERMEERTRAG_WW_SUM_MWH
180;e2;0;fa;9;28;80;0;WAERMEERTRAG_2WE_HEIZ_SUM_KWH
180;e2;0;fa;9;29;80;0;WAERMEERTRAG_2WE_HEIZ_SUM_MWH
180;e2;0;fa;9;30;80;0;WAERMEERTRAG_HEIZ_SUM_KWH
180;e2;0;fa;9;31;80;0;WAERMEERTRAG_HEIZ_SUM_MWH
180;e2;0;fa;9;2c;80;0;WAERMEERTRAG_WW_SUM_KWH
180;e2;0;fa;9;2c;80;0;WAERMEERTRAG_WW_SUM_KWH
180;a0;79;fa;1;d7;0;d4;HILFSKESSELSOLL / RŸcklaufsoll?
180;a0;79;fa;1;d7;0;d4;HILFSKESSELSOLL / RŸcklaufsoll?
180;a0;79;fa;1;d7;0;d4;HILFSKESSELSOLL / RŸcklaufsoll?
180;a0;79;fa;1;d7;0;d4;HILFSKESSELSOLL / RŸcklaufsoll?
500;e2;0;fa;9;1d;0;0a;EL_AUFNAHMELEISTUNG_WW_SUM_MWH
180;e2;0;fa;9;2d;80;0;WAERMEERTRAG_WW_SUM_MWH
500;e2;0;fa;9;20;2;8e;EL_AUFNAHMELEISTUNG_HEIZ_SUM_KWH
500;e2;0;fa;9;21;0;11;EL_AUFNAHMELEISTUNG_HEIZ_SUM_MWH
180;e2;0;fa;9;30;80;0;WAERMEERTRAG_HEIZ_SUM_KWH
180;e2;0;fa;9;29;80;0;WAERMEERTRAG_2WE_HEIZ_SUM_MWH
180;a0;79;fa;1;d7;0;d4;HILFSKESSELSOLL / RŸcklaufsoll?
180;a0;79;fa;1;d7;0;d4;HILFSKESSELSOLL / RŸcklaufsoll?
500;e2;0;fa;9;21;0;11;EL_AUFNAHMELEISTUNG_HEIZ_SUM_MWH
500;e2;0;fa;9;1a;2;a3;EL_AUFNAHMELEISTUNG_WW_TAG_WH
500;e2;0;fa;9;1b;0;1;EL_AUFNAHMELEISTUNG_WW_TAG_KWH
180;a0;79;fa;1;d7;0;d4;HILFSKESSELSOLL / RŸcklaufsoll?
180;a0;79;fa;1;d7;0;d4;HILFSKESSELSOLL / RŸcklaufsoll?
500;e2;0;fa;9;1c;2;57;EL_AUFNAHMELEISTUNG_WW_SUM_KWH
500;e2;0;fa;9;1d;0;0a;EL_AUFNAHMELEISTUNG_WW_SUM_MWH
180;e2;0;fa;9;24;80;0;WAERMEERTRAG_2WE_WW_SUM_KWH
180;e2;0;fa;9;25;80;0;WAERMEERTRAG_2WE_WW_SUM_MWH
180;e2;0;fa;9;2c;80;0;WAERMEERTRAG_WW_SUM_KWH
180;e2;0;fa;9;2d;80;0;WAERMEERTRAG_WW_SUM_MWH
180;a0;79;fa;1;d7;0;d4;HILFSKESSELSOLL / RŸcklaufsoll?
180;a0;79;fa;1;d7;0;d4;HILFSKESSELSOLL / RŸcklaufsoll?
180;e2;0;fa;9;28;80;0;WAERMEERTRAG_2WE_HEIZ_SUM_KWH
180;e2;0;fa;9;29;80;0;WAERMEERTRAG_2WE_HEIZ_SUM_MWH
180;a0;79;fa;1;d7;0;d4;HILFSKESSELSOLL / RŸcklaufsoll?
180;a0;79;fa;1;d7;0;d4;HILFSKESSELSOLL / RŸcklaufsoll?
180;e2;0;fa;9;30;80;0;WAERMEERTRAG_HEIZ_SUM_KWH
180;e2;0;fa;9;31;80;0;WAERMEERTRAG_HEIZ_SUM_MWH
180;e2;0;fa;9;2c;80;0;WAERMEERTRAG_WW_SUM_KWH
500;e2;0;fa;9;1c;2;57;EL_AUFNAHMELEISTUNG_WW_SUM_KWH
180;e2;0;fa;9;2d;80;0;WAERMEERTRAG_WW_SUM_MWH
180;e2;0;fa;9;2d;80;0;WAERMEERTRAG_WW_SUM_MWH
500;e2;0;fa;9;20;2;8e;EL_AUFNAHMELEISTUNG_HEIZ_SUM_KWH
500;e2;0;fa;9;21;0;11;EL_AUFNAHMELEISTUNG_HEIZ_SUM_MWH
180;e2;0;fa;9;28;80;0;WAERMEERTRAG_2WE_HEIZ_SUM_KWH
500;e2;0;fa;9;21;0;11;EL_AUFNAHMELEISTUNG_HEIZ_SUM_MWH
500;e2;0;fa;9;1c;2;57;EL_AUFNAHMELEISTUNG_WW_SUM_KWH
500;e2;0;fa;9;1d;0;0a;EL_AUFNAHMELEISTUNG_WW_SUM_MWH
180;a0;79;fa;1;d7;0;d4;HILFSKESSELSOLL / RŸcklaufsoll?
180;a0;79;fa;1;d7;0;d4;HILFSKESSELSOLL / RŸcklaufsoll?
180;e2;0;fa;9;24;80;0;WAERMEERTRAG_2WE_WW_SUM_KWH
180;e2;0;fa;9;25;80;0;WAERMEERTRAG_2WE_WW_SUM_MWH
180;a0;79;fa;1;d7;0;d4;HILFSKESSELSOLL / RŸcklaufsoll?
180;a0;79;fa;1;d7;0;d4;HILFSKESSELSOLL / RŸcklaufsoll?
180;e2;0;fa;9;2c;80;0;WAERMEERTRAG_WW_SUM_KWH
180;e2;0;fa;9;2d;80;0;WAERMEERTRAG_WW_SUM_MWH
180;e2;0;fa;9;28;80;0;WAERMEERTRAG_2WE_HEIZ_SUM_KWH
180;e2;0;fa;9;29;80;0;WAERMEERTRAG_2WE_HEIZ_SUM_MWH
180;e2;0;fa;9;30;80;0;WAERMEERTRAG_HEIZ_SUM_KWH
180;e2;0;fa;9;31;80;0;WAERMEERTRAG_HEIZ_SUM_MWH
180;e2;0;fa;9;2c;80;0;WAERMEERTRAG_WW_SUM_KWH
180;e2;0;fa;9;2d;80;0;WAERMEERTRAG_WW_SUM_MWH
500;e2;0;fa;9;1d;0;0a;EL_AUFNAHMELEISTUNG_WW_SUM_MWH
180;e2;0;fa;9;2d;80;0;WAERMEERTRAG_WW_SUM_MWH
500;e2;0;fa;9;20;2;8e;EL_AUFNAHMELEISTUNG_HEIZ_SUM_KWH
500;e2;0;fa;9;21;0;11;EL_AUFNAHMELEISTUNG_HEIZ_SUM_MWH
500;90;0;fa;13;88;0;0;SOLAR_KOLLEKTOR_3_I_ANTEIL
500;90;0;fa;13;88;0;0;SOLAR_KOLLEKTOR_3_I_ANTEIL
500;90;0;fa;13;88;0;0;SOLAR_KOLLEKTOR_3_I_ANTEIL
500;90;0;0b;43;10;0;0;TBD
180;a0;79;fa;1;d7;0;d4;HILFSKESSELSOLL / RŸcklaufsoll?
500;90;0;0b;43;10;0;0;TBD
500;90;0;0b;43;10;0;0;TBD
500;90;0;5a;81;0;0;0;TBD
500;90;0;5a;81;0;0;0;TBD
500;90;0;5a;81;0;0;0;TBD
480;a0;79;fa;5;dc;0;0;LUEFT_PASSIVKUEHLUNG_UEBER_FORTLUEFTER
480;a0;79;fa;5;dc;0;0;LUEFT_PASSIVKUEHLUNG_UEBER_FORTLUEFTER
180;e2;0;fa;0a;6;1;e0;EINSTELL_SPEICHERSOLLTEMP2
500;90;0;fa;4e;31;0;0;TBD
500;90;0;fa;4e;31;0;0;TBD
480;a0;79;fa;5;dc;0;0;LUEFT_PASSIVKUEHLUNG_UEBER_FORTLUEFTER
500;90;0;fa;4e;31;0;0;TBD
480;a0;0;0b;a5;1d;0;0;TBD
480;a0;0;0b;a5;1d;0;0;TBD
480;a0;79;fa;5;dc;0;0;LUEFT_PASSIVKUEHLUNG_UEBER_FORTLUEFTER
480;a0;79;16;0;f4;0;0;n/a
480;a0;0;0b;a5;1d;0;0;TBD
480;a0;0;fa;fd;ae;1;0;WP_STATUS
480;a0;0;fa;fd;ae;1;0;WP_STATUS
480;a0;79;16;0;f5;0;0;n/a
480;a0;79;16;0;f6;0;0;n/a
480;a0;0;fa;fd;ae;1;0;WP_STATUS